OpenTime,Open,High,Low,Close,TickVolume
2020-02-24 17:00:00.0000000,9083.12,9211.6,9072.15,9186.1,44574
2020-02-24 21:00:00.0000000,9185.97,9202.7,9154.82,9193.6,36470
2020-02-25 01:00:00.0000000,9193.32,9218.37,9123.97,9126.02,59832
2020-02-25 05:00:00.0000000,9126.15,9175.75,9066.17,9159.17,69248
2020-02-25 09:00:00.0000000,9159.22,9185.27,8936.8,8964.22,133384
2020-02-25 13:00:00.0000000,8960.8,8988,8805.07,8868.85,121026
2020-02-25 17:00:00.0000000,8860.4,8920.95,8836.45,8886.3,54485
2020-02-25 21:00:00.0000000,8886.4,8942.95,8864.12,8914.12,67600
2020-02-26 01:00:00.0000000,8914.4,8922.52,8704.9,8780.72,94106
2020-02-26 05:00:00.0000000,8780.95,8925.17,8779.6,8882.6,99458
2020-02-26 09:00:00.0000000,8882.02,9032.82,8862.05,8925.77,135788
2020-02-26 13:00:00.0000000,8925.82,8941.05,8809.45,8816.6,117764
2020-02-26 17:00:00.0000000,8810.85,8872.92,8744.6,8772.15,66533
2020-02-26 21:00:00.0000000,8771.95,8782.87,8696.1,8731.27,71284
2020-02-27 01:00:00.0000000,8731.1,8839.97,8692.6,8793.3,90902
2020-02-27 05:00:00.0000000,8794.47,8807.07,8671.25,8681.57,86218
2020-02-27 09:00:00.0000000,8681.52,8787.75,8515.22,8730.6,150250
2020-02-27 13:00:00.0000000,8730.8,8774.02,8329.05,8345.2,127619
2020-02-27 17:00:00.0000000,8365.37,8425.07,8308.55,8413.02,67505
2020-02-27 21:00:00.0000000,8413.3,8442.22,8189.32,8213.1,104020
2020-02-28 01:00:00.0000000,8213.32,8351.3,8126.5,8209.85,123218
2020-02-28 05:00:00.0000000,8208.25,8378.7,8195.1,8200.75,115599
2020-02-28 09:00:00.0000000,8199.45,8491.2,8125.2,8413.85,153250
2020-02-28 13:00:00.0000000,8413.8,8569.25,8211.85,8544.25,117544
2020-03-01 17:00:00.0000000,8541.3,8541.3,8247.8,8441.55,71797
2020-03-01 21:00:00.0000000,8440.95,8559.5,8428.45,8509.4,92208
2020-03-02 01:00:00.0000000,8509.35,8674,8476.65,8539.75,103796
2020-03-02 05:00:00.0000000,8538.8,8555.55,8361.25,8507.15,111410
2020-03-02 09:00:00.0000000,8509.9,8733.3,8440.95,8724,152583
2020-03-02 13:00:00.0000000,8726.9,8879.95,8571.1,8815.2,125100
2020-03-02 17:00:00.0000000,8844.35,8888.85,8798.1,8815.65,53657
2020-03-02 21:00:00.0000000,8815.85,8857.85,8753.35,8755.3,76650
2020-03-03 01:00:00.0000000,8755.6,8903.95,8737.05,8894.8,93466
2020-03-03 05:00:00.0000000,8895.05,8914.5,8783.65,8848.65,101014
2020-03-03 09:00:00.0000000,8848.25,8999.35,8704.75,8763.15,150784
2020-03-03 13:00:00.0000000,8762.65,8762.65,8510.4,8557.65,133096
2020-03-03 17:00:00.0000000,8564.05,8672.45,8507.95,8641.45,61963
2020-03-03 21:00:00.0000000,8640.8,8716.85,8623.05,8705.05,70696
2020-03-04 01:00:00.0000000,8705.25,8774.85,8682.4,8760.9,78352
2020-03-04 05:00:00.0000000,8760.2,8808.05,8720.8,8741.85,79330
2020-03-04 09:00:00.0000000,8741.65,8817.05,8664.3,8816.85,140942
2020-03-04 13:00:00.0000000,8817.1,8948.85,8808.4,8889.45,107085
2020-03-04 17:00:00.0000000,8895,8898.8,8826.6,8834.85,43817
2020-03-04 21:00:00.0000000,8835.55,8875.4,8815.5,8866.8,50088
2020-03-05 01:00:00.0000000,8866.65,8867.55,8748.4,8763.5,72150
2020-03-05 05:00:00.0000000,8763.3,8765.4,8683.4,8717.25,87020
2020-03-05 09:00:00.0000000,8717.55,8866.7,8671.75,8686.45,143054
2020-03-05 13:00:00.0000000,8685.4,8744.25,8610.35,8672.2,122505
2020-03-05 17:00:00.0000000,8673.85,8725.35,8607.2,8608.9,48378
2020-03-05 21:00:00.0000000,8609,8614,8520.3,8540.35,76681
2020-03-06 01:00:00.0000000,8539.7,8594.25,8465.95,8465.95,86489
2020-03-06 05:00:00.0000000,8466.15,8475.75,8337.45,8391.75,108090
2020-03-06 09:00:00.0000000,8390.75,8543.85,8312.1,8420.1,148458
2020-03-06 13:00:00.0000000,8419.65,8568.95,8316.75,8500.35,118427
2020-03-08 17:00:00.0000000,8275.65,8275.65,8102.35,8139.65,42522
2020-03-08 21:00:00.0000000,8140.15,8152.75,8090.65,8091.15,17410
2020-03-09 01:00:00.0000000,8091.05,8094.5,8090.9,8093.25,130
2020-03-09 05:00:00.0000000,8093.75,8131.65,8092.5,8094.45,3928
2020-03-09 09:00:00.0000000,8087.55,8240.85,7822.55,8120.55,103812
2020-03-09 13:00:00.0000000,8121.05,8154.75,7881.95,7916.55,111936
2020-03-09 17:00:00.0000000,7867.45,8162.15,7817.45,8160.15,39488
2020-03-09 21:00:00.0000000,8160.3,8218.25,8107.65,8208.95,46785
2020-03-10 01:00:00.0000000,8209.25,8285.8,8155.2,8284.7,65341
2020-03-10 05:00:00.0000000,8284.55,8347.65,8174.3,8231.55,79971
2020-03-10 09:00:00.0000000,8231.6,8254.8,7933.8,8089.25,145968
2020-03-10 13:00:00.0000000,8089.05,8380.05,8013.05,8358.85,99079
2020-03-10 17:00:00.0000000,8315.15,8321.85,8155.6,8190.15,31418
2020-03-10 21:00:00.0000000,8190.85,8226.25,8118.75,8153.85,40472
2020-03-11 01:00:00.0000000,8154.55,8247.85,8086.9,8220.75,56838
2020-03-11 05:00:00.0000000,8221.4,8227.8,8073.4,8079.85,63105
2020-03-11 09:00:00.0000000,8079.35,8223.75,8036.7,8058.75,144392
2020-03-11 13:00:00.0000000,8058.45,8069.6,7894.4,8008.45,125133
2020-03-11 17:00:00.0000000,7992.9,8105.95,7927.05,7983.55,32340
2020-03-11 21:00:00.0000000,7983.75,7997.15,7598.15,7730.25,64658
2020-03-12 01:00:00.0000000,7730.25,7740.05,7603.65,7623.8,52735
2020-03-12 05:00:00.0000000,7623.3,7666.25,7599.85,7599.95,42129
2020-03-12 09:00:00.0000000,7600.95,7647.8,7326.5,7589.55,112143
2020-03-12 13:00:00.0000000,7593.05,7811.9,7132.35,7161.95,106401
2020-03-12 17:00:00.0000000,7160.75,7246.15,7061.25,7136.2,29721
2020-03-12 21:00:00.0000000,7136.9,7273.45,6942.85,7273.25,55556
2020-03-13 01:00:00.0000000,7273.25,7608.7,7264.45,7444.25,57733
2020-03-13 05:00:00.0000000,7443.7,7624.95,7400.65,7624.9,28502
2020-03-13 09:00:00.0000000,7623.45,7733.75,7293.2,7469.6,106232
2020-03-13 13:00:00.0000000,7469.7,7975.25,7382.75,7831.3,90544
2020-03-15 17:00:00.0000000,7703.95,7781.75,7550.15,7553.25,3267
2020-03-16 09:00:00.0000000,7387.95,7558.45,7168.85,7354.95,78956
2020-03-16 13:00:00.0000000,7355.65,7420.05,6921.95,7049.25,100003
2020-03-16 17:00:00.0000000,7071.25,7285.55,6979.45,7267.55,23820
2020-03-16 21:00:00.0000000,7266.55,7292.65,7230.95,7292.55,2975
2020-03-17 01:00:00.0000000,7293.7,7294.4,7152.55,7169.15,4531
2020-03-17 05:00:00.0000000,7169.15,7290.25,6995.95,7179.95,43428
2020-03-17 09:00:00.0000000,7179.95,7551.05,6946.25,7351.25,97297
2020-03-17 13:00:00.0000000,7351.35,7507.05,7229.55,7364.05,76220
2020-03-17 17:00:00.0000000,7360.05,7391.25,7114.35,7147.35,30905
2020-03-17 21:00:00.0000000,7144.35,7279.25,7103.25,7141.55,27933
2020-03-18 01:00:00.0000000,7141.55,7145.25,7072.85,7072.85,1450
2020-03-18 09:00:00.0000000,7072.95,7336.25,6993.85,7015.55,91846
2020-03-18 13:00:00.0000000,6981.85,7273.35,6823.35,7251.85,84140
2020-03-18 17:00:00.0000000,7221.75,7433.75,7118.25,7271.25,31310
2020-03-18 21:00:00.0000000,7268.95,7343.45,6886.75,6939.75,38981
2020-03-19 01:00:00.0000000,6940.95,7337.45,6940.75,7299.75,35538
2020-03-19 05:00:00.0000000,7300.45,7324.25,7051.45,7170.25,43543
2020-03-19 09:00:00.0000000,7170.75,7459.35,7020.85,7351.35,107743
2020-03-19 13:00:00.0000000,7351.25,7510.85,7166.45,7193.45,92963
2020-03-19 17:00:00.0000000,7176.45,7245.65,7134.95,7226.65,25519
2020-03-19 21:00:00.0000000,7226.65,7377.65,7202.15,7339.45,36992
2020-03-20 01:00:00.0000000,7339.45,7638.95,7295.45,7637.95,34131
2020-03-20 05:00:00.0000000,7637.05,7638.05,7433.15,7433.15,29690
2020-03-20 09:00:00.0000000,7432.95,7495.95,7140.95,7261.15,113847
2020-03-20 13:00:00.0000000,7259.65,7327.65,6899.45,6932.05,91331
2020-03-22 17:00:00.0000000,6675.15,6787.65,6624.95,6665.95,18012
2020-03-22 21:00:00.0000000,6667.65,6816.15,6659.45,6784.65,29742
2020-03-23 01:00:00.0000000,6785.15,6848.95,6675.65,6759.65,32286
2020-03-23 05:00:00.0000000,6761.15,7323.45,6755.95,7170.45,54093
2020-03-23 09:00:00.0000000,7171.95,7216.65,6769.75,7088.95,117744
2020-03-23 13:00:00.0000000,7088.95,7149.95,6854.65,6983.45,105100
2020-03-23 17:00:00.0000000,7083.25,7170.25,7036.65,7110.35,26923
2020-03-23 21:00:00.0000000,7111.25,7269.05,7105.55,7211.55,50202
2020-03-24 01:00:00.0000000,7211.65,7332.75,7143.55,7319.75,49085
2020-03-24 05:00:00.0000000,7318.75,7368.75,7241.05,7349.25,34123
2020-03-24 09:00:00.0000000,7349.65,7537.05,7323.55,7442.15,121619
2020-03-24 13:00:00.0000000,7443.25,7580.55,7303.05,7561.45,119617
2020-03-24 17:00:00.0000000,7537.65,7640.15,7425.05,7453.55,32552
2020-03-24 21:00:00.0000000,7454.25,7534.55,7384.95,7497.45,33676
2020-03-25 01:00:00.0000000,7497.45,7717.95,7390.45,7705.45,50702
2020-03-25 05:00:00.0000000,7705.45,7765.15,7424.95,7529.85,74460
2020-03-25 09:00:00.0000000,7529.75,7670.45,7379.15,7606.95,140254
2020-03-25 13:00:00.0000000,7608.25,7768.15,7438.45,7485.65,115522
2020-03-25 17:00:00.0000000,7480.45,7555.35,7439.55,7489.45,28904
2020-03-25 21:00:00.0000000,7489.45,7490.05,7362.85,7434.85,52678
2020-03-26 01:00:00.0000000,7434.95,7454.45,7327.85,7367.85,41421
2020-03-26 05:00:00.0000000,7368.35,7479.85,7317.35,7466.85,47794
2020-03-26 09:00:00.0000000,7466.35,7772.45,7443.05,7762.65,127669
2020-03-26 13:00:00.0000000,7763.15,7899.65,7654.45,7869.35,112815
2020-03-26 17:00:00.0000000,7878.35,7898.05,7792.05,7797.65,27817
2020-03-26 21:00:00.0000000,7797.55,7808.85,7713.25,7727.15,42478
2020-03-27 01:00:00.0000000,7727.55,7811.75,7692.15,7721.75,41891
2020-03-27 05:00:00.0000000,7721.85,7752.25,7625.55,7650.75,54504
2020-03-27 09:00:00.0000000,7650.65,7703.85,7585.55,7658.65,121979
2020-03-27 13:00:00.0000000,7659.25,7807.35,7559.75,7564.2,103612
2020-03-29 17:00:00.0000000,7419.95,7512.45,7417.55,7481.55,41844
2020-03-29 21:00:00.0000000,7482.45,7612.65,7462.55,7601.45,39855
2020-03-30 01:00:00.0000000,7602.45,7695.15,7498.45,7583.55,65182
2020-03-30 05:00:00.0000000,7583.55,7684.55,7543.95,7683.75,53300
2020-03-30 09:00:00.0000000,7683.75,7855.45,7637.45,7853.55,120237
2020-03-30 13:00:00.0000000,7854.15,7890.45,7791.25,7860.65,99099
2020-03-30 17:00:00.0000000,7851.35,7903.35,7848.45,7878.85,20734
2020-03-30 21:00:00.0000000,7878.45,7942.05,7821.25,7841.85,30857
2020-03-31 01:00:00.0000000,7841.85,7953.85,7817.85,7942.05,53925
2020-03-31 05:00:00.0000000,7942.05,7962.05,7770.45,7811.95,57689
2020-03-31 09:00:00.0000000,7811.85,8000.55,7803.25,7851.15,116744
2020-03-31 13:00:00.0000000,7850.55,7897.95,7753.55,7787.35,104059
2020-03-31 17:00:00.0000000,7760.35,7771.05,7693.35,7744.65,25179
2020-03-31 21:00:00.0000000,7743.65,7746.55,7670.05,7692.85,31070
2020-04-01 01:00:00.0000000,7692.85,7699.35,7534.25,7586.65,68049
2020-04-01 05:00:00.0000000,7585.35,7626.05,7530.55,7571.85,51480
2020-04-01 09:00:00.0000000,7573.25,7688.75,7505.35,7516.55,114067
2020-04-01 13:00:00.0000000,7515.55,7563.25,7410.15,7469.65,92840
2020-04-01 17:00:00.0000000,7482.25,7524.25,7470.45,7503.75,18187
2020-04-01 21:00:00.0000000,7504.45,7551.95,7463.55,7526.95,30858
2020-04-02 01:00:00.0000000,7527.05,7599.95,7495.15,7569.05,40120
2020-04-02 05:00:00.0000000,7568.95,7580.15,7435.55,7453.45,48356
2020-04-02 09:00:00.0000000,7453.45,7622.4,7379.65,7592.75,125515
2020-04-02 13:00:00.0000000,7593.95,7659.95,7450.45,7625.45,103803
2020-04-02 17:00:00.0000000,7618.45,7654.65,7569.95,7584.55,20461
2020-04-02 21:00:00.0000000,7583.95,7603.05,7532.25,7541.55,24863
2020-04-03 01:00:00.0000000,7541.05,7581.55,7517.05,7540.05,41382
2020-04-03 05:00:00.0000000,7540.15,7652.45,7513.95,7600.45,50630
2020-04-03 09:00:00.0000000,7600.55,7663.45,7470.55,7501.05,112977
2020-04-03 13:00:00.0000000,7500.45,7545.55,7427.25,7529.6,79627
2020-04-05 17:00:00.0000000,7606.25,7817.25,7597.75,7783.95,32110
2020-04-05 21:00:00.0000000,7783.65,7812.75,7749.65,7791.45,43700
2020-04-06 01:00:00.0000000,7791.85,7869.65,7776.95,7838.15,47807
2020-04-06 05:00:00.0000000,7838.35,7849.85,7782.95,7813.75,39155
2020-04-06 09:00:00.0000000,7814.15,7938.35,7752.75,7938.35,86610
2020-04-06 13:00:00.0000000,7938.35,8100.65,7914.85,8039.35,69410
2020-04-06 17:00:00.0000000,8021.75,8098.25,8000.15,8044.95,27786
2020-04-06 21:00:00.0000000,8044.95,8055.15,7950.65,8008.45,43620
2020-04-07 01:00:00.0000000,8008.45,8247.45,7999.25,8203.25,62495
2020-04-07 05:00:00.0000000,8204.45,8305.15,8197.45,8277.25,52126
2020-04-07 09:00:00.0000000,8278.15,8298.95,8074.25,8226.45,116822
2020-04-07 13:00:00.0000000,8227.45,8241.65,7993.45,8000.95,97016
2020-04-07 17:00:00.0000000,8018.55,8069.05,7955.95,7973.85,31544
2020-04-07 21:00:00.0000000,7973.85,8090.75,7967.25,8086.25,45798
2020-04-08 01:00:00.0000000,8086.35,8144.85,7984.25,8020.05,61359
2020-04-08 05:00:00.0000000,8020.25,8128.25,8000.35,8102.75,51118
2020-04-08 09:00:00.0000000,8102.85,8197.05,8047.45,8175.35,109171
2020-04-08 13:00:00.0000000,8176.25,8244.55,8123.45,8203.95,84249
2020-04-08 17:00:00.0000000,8177.35,8237.35,8161.45,8211.25,22941
2020-04-08 21:00:00.0000000,8210.85,8224.35,8137.95,8197.35,36443
2020-04-09 01:00:00.0000000,8197.45,8275.05,8167.05,8185.25,45929
2020-04-09 05:00:00.0000000,8185.25,8275.25,8105.25,8268.85,68579
2020-04-09 09:00:00.0000000,8268.55,8328.75,8159.45,8273.55,117645
2020-04-09 13:00:00.0000000,8273.45,8284.65,8154.05,8240.75,95953
2020-04-12 17:00:00.0000000,8277.05,8283.15,8076.85,8092.25,34052
2020-04-12 21:00:00.0000000,8092.35,8147.35,8088.05,8112.35,25493
2020-04-13 01:00:00.0000000,8112.35,8137.15,8093.65,8133.15,23325
2020-04-13 05:00:00.0000000,8133.15,8221.35,8128.05,8203.85,29273
2020-04-13 09:00:00.0000000,8203.55,8245.85,8144.55,8208.45,103532
2020-04-13 13:00:00.0000000,8208.35,8339.85,8188.45,8339.85,83847
2020-04-13 17:00:00.0000000,8343.15,8375.35,8321.55,8346.55,18144
2020-04-13 21:00:00.0000000,8347.05,8485.15,8341.05,8480.65,31759
2020-04-14 01:00:00.0000000,8480.65,8489.15,8417.15,8427.25,40499
2020-04-14 05:00:00.0000000,8427.35,8494.05,8423.55,8488.05,34474
2020-04-14 09:00:00.0000000,8486.05,8663.85,8459.25,8654.25,100116
2020-04-14 13:00:00.0000000,8654.05,8705.55,8638.05,8705.55,71042
2020-04-14 17:00:00.0000000,8695.95,8700.75,8658.05,8668.05,16166
2020-04-14 21:00:00.0000000,8668.25,8683.35,8637.05,8671.55,23064
2020-04-15 01:00:00.0000000,8671.35,8680.75,8569.75,8585.75,44806
2020-04-15 05:00:00.0000000,8586.25,8620.25,8509.05,8518.15,48133
2020-04-15 09:00:00.0000000,8517.75,8589.35,8489.25,8572.55,109805
2020-04-15 13:00:00.0000000,8572.65,8658.85,8561.35,8577.85,77156
2020-04-15 17:00:00.0000000,8587.25,8592.75,8504.05,8529.75,21204
2020-04-15 21:00:00.0000000,8530.05,8572.05,8518.25,8566.75,28911
2020-04-16 01:00:00.0000000,8567.55,8698.25,8546.25,8668.35,50752
2020-04-16 05:00:00.0000000,8668.35,8701.95,8624.35,8682.65,51959
2020-04-16 09:00:00.0000000,8681.35,8789.05,8596.55,8665.55,103720
2020-04-16 13:00:00.0000000,8665.25,8846.05,8644.75,8839.85,82948
2020-04-16 17:00:00.0000000,8908.65,8969.95,8880.35,8909.15,40193
2020-04-16 21:00:00.0000000,8909.35,8951.15,8895.35,8915.85,33102
2020-04-17 01:00:00.0000000,8915.85,8955.95,8864.15,8895.55,51842
2020-04-17 05:00:00.0000000,8895.35,8951.35,8880.35,8888.15,45671
2020-04-17 09:00:00.0000000,8887.35,8894.65,8718.85,8759.55,103126
2020-04-17 13:00:00.0000000,8759.45,8830.05,8694.25,8813.3,72767
2020-04-19 17:00:00.0000000,8784.25,8841.25,8737.75,8826.95,24092
2020-04-19 21:00:00.0000000,8827.45,8833.75,8762.45,8812.45,32054
2020-04-20 01:00:00.0000000,8812.75,8815.45,8744.05,8766.75,43511
2020-04-20 05:00:00.0000000,8767.05,8780.45,8702.55,8725.95,46667
2020-04-20 09:00:00.0000000,8726.75,8850.45,8713.25,8825.75,98059
2020-04-20 13:00:00.0000000,8826.25,8833.25,8692.75,8717.75,81006
2020-04-20 17:00:00.0000000,8714.85,8758.75,8704.75,8742.35,29255
2020-04-20 21:00:00.0000000,8742.55,8767.25,8607.65,8663.55,55681
2020-04-21 01:00:00.0000000,8664.15,8713.55,8647.75,8685.3,51506
2020-04-21 05:00:00.0000000,8686.1,8703.05,8600.75,8613.05,64029
2020-04-21 09:00:00.0000000,8611.85,8656.85,8347.65,8396.85,120494
2020-04-21 13:00:00.0000000,8396.75,8521.35,8383.65,8440.85,91952
2020-04-21 17:00:00.0000000,8473.55,8495.15,8406.45,8449.95,25811
2020-04-21 21:00:00.0000000,8449.95,8482.45,8428.45,8439.95,34141
2020-04-22 01:00:00.0000000,8438.95,8557.75,8438.95,8554.25,50376
2020-04-22 05:00:00.0000000,8554.25,8583.45,8516.15,8577.95,45071
2020-04-22 09:00:00.0000000,8576.15,8629.75,8540.75,8615.45,94298
2020-04-22 13:00:00.0000000,8615.65,8704.25,8605.65,8639.65,62914
2020-04-22 17:00:00.0000000,8637.45,8641.35,8592.25,8618.75,22639
2020-04-22 21:00:00.0000000,8619.25,8658.75,8587.35,8622.35,23803
2020-04-23 01:00:00.0000000,8622.25,8684.15,8601.85,8621.65,45847
2020-04-23 05:00:00.0000000,8621.85,8703.25,8618.15,8701.35,36527
2020-04-23 09:00:00.0000000,8700.65,8793.25,8619.45,8709.45,94368
2020-04-23 13:00:00.0000000,8709.25,8740.65,8597.15,8608.85,90749
2020-04-23 17:00:00.0000000,8577.15,8598.65,8519.65,8535.65,21355
2020-04-23 21:00:00.0000000,8535.65,8562.15,8506.75,8544.15,23793
2020-04-24 01:00:00.0000000,8544.35,8591.15,8513.15,8570.95,42199
2020-04-24 05:00:00.0000000,8571.15,8681.95,8571.15,8663.65,48865
2020-04-24 09:00:00.0000000,8663.45,8701.65,8592.45,8691.95,97883
2020-04-24 13:00:00.0000000,8692.15,8788.45,8675.35,8774.45,76941
2020-04-26 17:00:00.0000000,8803.35,8817.75,8738.95,8794.05,22462
2020-04-26 21:00:00.0000000,8794.05,8896.2,8778.75,8890.35,29919
2020-04-27 01:00:00.0000000,8890.45,8905.45,8848.05,8882.25,38978
2020-04-27 05:00:00.0000000,8881.95,8905.55,8864.55,8877.05,30120
2020-04-27 09:00:00.0000000,8876.75,8890.45,8816.25,8845.45,96773
2020-04-27 13:00:00.0000000,8845.95,8858.25,8798.25,8827.25,69270
2020-04-27 17:00:00.0000000,8813.85,8855.45,8811.15,8848.15,15212
2020-04-27 21:00:00.0000000,8848.35,8848.35,8785.95,8810.45,27029
2020-04-28 01:00:00.0000000,8810.45,8883.85,8802.85,8871.35,32307
2020-04-28 05:00:00.0000000,8871.85,8954.65,8868.75,8930.15,38381
2020-04-28 09:00:00.0000000,8930.15,8932.15,8684.35,8739.35,110937
2020-04-28 13:00:00.0000000,8739.35,8773.05,8663.65,8708.55,80004
2020-04-28 17:00:00.0000000,8761.55,8803.05,8743.55,8796.05,16370
2020-04-28 21:00:00.0000000,8796.25,8868.05,8796.25,8851.35,26386
2020-04-29 01:00:00.0000000,8851.35,8861.05,8802.25,8831.85,38693
2020-04-29 05:00:00.0000000,8832.05,8904.05,8783.05,8899.35,41291
2020-04-29 09:00:00.0000000,8899.05,8973.35,8826.35,8957.65,104398
2020-04-29 13:00:00.0000000,8957.85,9128.25,8933.05,9127.25,81718
2020-04-29 17:00:00.0000000,9101.55,9114.15,9052.95,9070.25,20600
2020-04-29 21:00:00.0000000,9070.25,9153.75,9064.95,9139.25,26639
2020-04-30 01:00:00.0000000,9139.25,9145.55,9072.65,9080.95,45025
2020-04-30 05:00:00.0000000,9081.45,9114.25,8999.45,9002.15,49722
2020-04-30 09:00:00.0000000,9002.45,9027.55,8915.65,8954.25,115449
2020-04-30 13:00:00.0000000,8953.75,9009.45,8866.95,8877.45,87901
2020-04-30 17:00:00.0000000,8847.15,8864.45,8814.45,8862.95,23774
2020-04-30 21:00:00.0000000,8862.65,8870.95,8796.65,8833.15,25958
2020-05-01 01:00:00.0000000,8833.15,8840.95,8735.85,8781.45,34746
2020-05-01 05:00:00.0000000,8782.45,8797.95,8755.65,8793.25,33293
2020-05-01 09:00:00.0000000,8792.15,8888.75,8686.45,8709.55,117612
2020-05-01 13:00:00.0000000,8709.45,8765.25,8682.35,8712.35,80503
2020-05-03 17:00:00.0000000,8625.45,8651.25,8567.15,8583.75,31888
2020-05-03 21:00:00.0000000,8583.85,8680.25,8583.65,8652.35,31951
2020-05-04 01:00:00.0000000,8652.45,8706.85,8632.85,8659.65,50097
2020-05-04 05:00:00.0000000,8659.75,8689.15,8627.85,8673.45,46543
2020-05-04 09:00:00.0000000,8673.15,8793.55,8660.85,8734.95,105934
2020-05-04 13:00:00.0000000,8735.85,8838.15,8709.95,8820.25,68350
2020-05-04 17:00:00.0000000,8822.75,8855.55,8813.75,8853.05,12265
2020-05-04 21:00:00.0000000,8853.05,8887.25,8843.05,8881.05,20298
2020-05-05 01:00:00.0000000,8881.15,8928.35,8836.55,8839.75,42502
2020-05-05 05:00:00.0000000,8840.05,8937.55,8834.35,8924.55,45950
2020-05-05 09:00:00.0000000,8924.05,9010.05,8907.05,8987.15,88540
2020-05-05 13:00:00.0000000,8986.95,9031.35,8897.05,8944.65,72594
2020-05-05 17:00:00.0000000,8945.65,8975.65,8894.85,8905.95,19742
2020-05-05 21:00:00.0000000,8905.95,8950.35,8888.35,8941.65,28774
2020-05-06 01:00:00.0000000,8941.85,9018.65,8939.35,8994.35,38337
2020-05-06 05:00:00.0000000,8994.45,9020.15,8967.75,8988.75,37919
2020-05-06 09:00:00.0000000,8988.55,9056.65,8946.35,9039.05,106873
2020-05-06 13:00:00.0000000,9039.55,9066.75,8951.35,8958.55,80433
2020-05-06 17:00:00.0000000,8968.15,9005.35,8940.65,8999.15,19782
2020-05-06 21:00:00.0000000,8999.35,9040.45,8984.65,9032.25,23993
2020-05-07 01:00:00.0000000,9032.45,9094.45,9014.45,9085.95,35677
2020-05-07 05:00:00.0000000,9086.15,9110.55,9072.35,9100.45,37009
2020-05-07 09:00:00.0000000,9100.15,9125.65,9041.35,9123.85,99447
2020-05-07 13:00:00.0000000,9123.65,9136.45,9076.15,9128.35,71179
2020-05-07 17:00:00.0000000,9115.15,9191.75,9114.05,9188.55,18266
2020-05-07 21:00:00.0000000,9188.75,9223.65,9183.05,9216.55,25036
2020-05-08 01:00:00.0000000,9216.55,9245.35,9175.95,9193.75,29922
2020-05-08 05:00:00.0000000,9193.85,9226.8,9180.25,9193.35,34296
2020-05-08 09:00:00.0000000,9192.35,9225.45,9124.35,9222.15,90468
2020-05-08 13:00:00.0000000,9222.25,9236.55,9159.25,9229.05,64774
2020-05-10 17:00:00.0000000,9192.35,9275.95,9185.25,9272.85,20950
2020-05-10 21:00:00.0000000,9272.85,9292.45,9260.85,9273.45,23871
2020-05-11 01:00:00.0000000,9273.45,9278.95,9216.75,9225.75,36579
2020-05-11 05:00:00.0000000,9225.95,9231.55,9126.75,9151.75,49848
2020-05-11 09:00:00.0000000,9152.25,9290.25,9149.25,9287.45,91695
2020-05-11 13:00:00.0000000,9287.75,9346.75,9273.95,9287.95,70380
2020-05-11 17:00:00.0000000,9292.55,9318.75,9244.95,9254.75,23157
2020-05-11 21:00:00.0000000,9255.05,9279.05,9231.75,9272.75,27560
2020-05-12 01:00:00.0000000,9272.85,9301.25,9238.35,9272.35,40953
2020-05-12 05:00:00.0000000,9272.55,9331.25,9255.95,9327.45,39932
2020-05-12 09:00:00.0000000,9327.75,9353.05,9244.95,9335.55,100633
2020-05-12 13:00:00.0000000,9335.25,9336.75,9049.25,9052.25,91941
2020-05-12 17:00:00.0000000,9053.85,9084.25,9005.95,9051.15,29859
2020-05-12 21:00:00.0000000,9051.15,9114.05,9034.45,9112.05,29046
2020-05-13 01:00:00.0000000,9112.15,9136.55,9077.65,9102.75,44827
2020-05-13 05:00:00.0000000,9102.45,9176.95,9095.95,9147.75,44151
2020-05-13 09:00:00.0000000,9147.65,9210.75,8894.35,8986.35,135899
2020-05-13 13:00:00.0000000,8986.15,9029.45,8886.95,9021.65,103890
2020-05-13 17:00:00.0000000,9034.55,9045.45,8972.45,9006.15,22348
2020-05-13 21:00:00.0000000,9006.15,9025.75,8950.95,8983.45,33533
2020-05-14 01:00:00.0000000,8983.55,9040.15,8952.9,9010.95,47047
2020-05-14 05:00:00.0000000,9010.35,9045.75,8897.45,8937.75,57296
2020-05-14 09:00:00.0000000,8937.75,8991.75,8854.95,8986.75,128874
2020-05-14 13:00:00.0000000,8986.95,9111.95,8944.15,9097.25,95591
2020-05-14 17:00:00.0000000,9088.55,9125.65,9079.25,9098.75,15571
2020-05-14 21:00:00.0000000,9098.45,9119.25,9058.95,9112.75,29767
2020-05-15 01:00:00.0000000,9113.05,9149.25,9085.95,9133.75,36812
2020-05-15 05:00:00.0000000,9133.75,9143.45,8935.95,8959.95,63277
2020-05-15 09:00:00.0000000,8960.75,9071.95,8932.75,9064.95,120261
2020-05-15 13:00:00.0000000,9065.25,9155.25,9054.95,9124.75,95778
2020-05-17 17:00:00.0000000,9127.95,9185.15,9117.15,9172.35,20093
2020-05-17 21:00:00.0000000,9172.25,9219.75,9168.65,9205.65,22985
2020-05-18 01:00:00.0000000,9205.65,9249.95,9181.65,9237.95,37767
2020-05-18 05:00:00.0000000,9238.45,9301.65,9201.95,9296.65,49261
2020-05-18 09:00:00.0000000,9295.95,9351.85,9243.95,9328.35,100515
2020-05-18 13:00:00.0000000,9329.45,9368.15,9317.15,9324.15,72027
2020-05-18 17:00:00.0000000,9326.15,9360.15,9321.75,9343.35,18695
2020-05-18 21:00:00.0000000,9343.35,9352.45,9302.45,9348.95,30130
2020-05-19 01:00:00.0000000,9348.95,9421.95,9307.95,9341.85,54025
2020-05-19 05:00:00.0000000,9341.65,9355.55,9297.95,9342.55,49206
2020-05-19 09:00:00.0000000,9342.35,9411.95,9320.55,9399.95,101256
2020-05-19 13:00:00.0000000,9400.35,9422.55,9290.35,9303.15,74815
2020-05-19 17:00:00.0000000,9286.45,9335.15,9276.15,9329.45,16922
2020-05-19 21:00:00.0000000,9329.45,9369.05,9325.55,9354.85,18844
2020-05-20 01:00:00.0000000,9355.05,9395.35,9324.85,9383.55,36792
2020-05-20 05:00:00.0000000,9383.05,9413.85,9378.35,9407.35,36636
2020-05-20 09:00:00.0000000,9407.35,9499.05,9400.65,9465.35,91685
2020-05-20 13:00:00.0000000,9465.55,9500.85,9434.15,9498.35,78907
2020-05-20 17:00:00.0000000,9494.95,9504.65,9463.85,9479.55,14067
2020-05-20 21:00:00.0000000,9479.35,9479.45,9430.25,9458.95,24910
2020-05-21 01:00:00.0000000,9459.05,9465.85,9414.65,9441.65,31589
2020-05-21 05:00:00.0000000,9441.85,9482.05,9419.55,9475.05,40706
2020-05-21 09:00:00.0000000,9475.15,9513.55,9358.35,9403.15,106389
2020-05-21 13:00:00.0000000,9403.55,9430.85,9356.65,9362.15,80042
2020-05-21 17:00:00.0000000,9357.45,9410.65,9352.55,9391.95,12208
2020-05-21 21:00:00.0000000,9391.95,9397.55,9285.85,9293.15,36122
2020-05-22 01:00:00.0000000,9293.15,9308.05,9245.05,9299.35,47806
2020-05-22 05:00:00.0000000,9299.65,9367.85,9289.65,9352.65,46927
2020-05-22 09:00:00.0000000,9352.55,9401.75,9323.05,9383.95,99288
2020-05-22 13:00:00.0000000,9384.05,9425.45,9377.85,9424.15,60070
2020-05-24 17:00:00.0000000,9403.65,9466.25,9399.45,9445.95,16176
2020-05-24 21:00:00.0000000,9446.15,9459.45,9419.45,9452.55,23655
2020-05-25 01:00:00.0000000,9452.55,9509.55,9447.55,9500.35,27012
2020-05-25 05:00:00.0000000,9500.25,9523.25,9485.65,9519.55,25826
2020-05-25 09:00:00.0000000,9519.75,9539.45,9515.15,9532.95,21384
2020-05-25 17:00:00.0000000,9519.25,9533.75,9507.45,9525.55,12544
2020-05-25 21:00:00.0000000,9525.55,9596.45,9523.65,9585.45,23374
2020-05-26 01:00:00.0000000,9585.45,9606.55,9571.25,9590.45,41062
2020-05-26 05:00:00.0000000,9590.15,9605.25,9540.45,9553.75,39670
2020-05-26 09:00:00.0000000,9553.55,9572.45,9415.75,9473.35,101112
2020-05-26 13:00:00.0000000,9473.75,9489.65,9376.55,9413.95,67775
2020-05-26 17:00:00.0000000,9403.45,9418.95,9378.45,9410.65,16346
2020-05-26 21:00:00.0000000,9410.35,9497.95,9410.35,9484.95,31084
2020-05-27 01:00:00.0000000,9485.35,9495.65,9456.45,9486.35,35609
2020-05-27 05:00:00.0000000,9486.85,9510.85,9389.55,9393.35,47095
2020-05-27 09:00:00.0000000,9393.05,9406.15,9176.85,9322.75,121315
2020-05-27 13:00:00.0000000,9322.75,9451.55,9300.55,9444.45,78877
2020-05-27 17:00:00.0000000,9438.15,9475.35,9414.15,9465.35,17685
2020-05-27 21:00:00.0000000,9465.15,9483.35,9361.15,9395.85,33509
2020-05-28 01:00:00.0000000,9395.85,9448.35,9372.75,9407.85,44159
2020-05-28 05:00:00.0000000,9407.05,9426.55,9322.85,9344.55,48219
2020-05-28 09:00:00.0000000,9343.85,9555.55,9341.05,9545.65,106834
2020-05-28 13:00:00.0000000,9545.75,9567.95,9389.3,9463.65,84711
2020-05-28 17:00:00.0000000,9451.75,9462.05,9390.75,9397.25,22359
2020-05-28 21:00:00.0000000,9397.05,9455.05,9383.25,9454.45,30484
2020-05-29 01:00:00.0000000,9454.55,9463.65,9386.15,9408.45,43797
2020-05-29 05:00:00.0000000,9408.45,9492.75,9392.25,9460.75,42079
2020-05-29 09:00:00.0000000,9459.95,9484.55,9374.95,9448,115681
2020-05-29 13:00:00.0000000,9448.1,9592.55,9394.25,9590.05,95314
2020-05-31 17:00:00.0000000,9519.65,9550.65,9452.55,9543.15,29241
2020-05-31 21:00:00.0000000,9543.35,9580.85,9527.55,9567.65,34043
2020-06-01 01:00:00.0000000,9567.65,9590.35,9483.85,9522.45,42963
2020-06-01 05:00:00.0000000,9522.25,9552.05,9495.15,9522.55,38020
2020-06-01 09:00:00.0000000,9521.55,9595.65,9508.35,9583.55,94802
2020-06-01 13:00:00.0000000,9583.65,9607.75,9577.65,9596.05,53988
2020-06-01 17:00:00.0000000,9591.65,9598.35,9556.05,9586.65,16979
2020-06-01 21:00:00.0000000,9585.75,9590.65,9560.85,9577.35,23395
2020-06-02 01:00:00.0000000,9577.55,9650.85,9577.35,9643.85,34062
2020-06-02 05:00:00.0000000,9643.55,9671.85,9600.55,9612.55,33788
2020-06-02 09:00:00.0000000,9612.35,9616.05,9507.65,9575.05,96306
2020-06-02 13:00:00.0000000,9575.25,9663.35,9573.15,9660.15,62019
2020-06-02 17:00:00.0000000,9657.65,9687.45,9637.05,9682.95,18923
2020-06-02 21:00:00.0000000,9683.05,9693.15,9653.15,9673.15,34870
2020-06-03 01:00:00.0000000,9672.65,9698.45,9663.15,9680.65,41951
2020-06-03 05:00:00.0000000,9681.15,9695.65,9651.45,9664.95,41993
2020-06-03 09:00:00.0000000,9664.65,9705.15,9642.55,9664.55,94182
2020-06-03 13:00:00.0000000,9664.85,9729.15,9660.55,9692.35,61644
2020-06-03 17:00:00.0000000,9684.35,9707.05,9667.85,9684.55,17846
2020-06-03 21:00:00.0000000,9684.85,9691.05,9646.85,9671.55,32588
2020-06-04 01:00:00.0000000,9671.85,9695.35,9658.85,9667.15,34294
2020-06-04 05:00:00.0000000,9667.05,9685.15,9644.85,9660.35,43698
2020-06-04 09:00:00.0000000,9660.15,9742.95,9623.85,9626.25,107784
2020-06-04 13:00:00.0000000,9626.35,9671.55,9573.15,9644.45,80924
2020-06-04 17:00:00.0000000,9642.15,9643.95,9611.05,9631.85,15899
2020-06-04 21:00:00.0000000,9631.95,9666.65,9622.95,9658.45,31572
2020-06-05 01:00:00.0000000,9658.45,9704.45,9652.35,9675.25,37814
2020-06-05 05:00:00.0000000,9675.65,9682.45,9603.05,9645.95,43931
2020-06-05 09:00:00.0000000,9645.95,9841.35,9644.25,9831.55,112526
2020-06-05 13:00:00.0000000,9831.15,9846.75,9790.05,9809,76287
2020-06-07 21:00:00.0000000,9856.25,9856.55,9826.95,9842.75,36585
2020-06-08 01:00:00.0000000,9842.75,9849.15,9797.95,9833.25,41172
2020-06-08 05:00:00.0000000,9833.25,9838.95,9786.15,9818.35,43760
2020-06-08 09:00:00.0000000,9818.45,9830.25,9748.45,9819.35,94795
2020-06-08 13:00:00.0000000,9819.25,9901.45,9810.75,9884.25,61665
2020-06-08 17:00:00.0000000,9879.55,9897.15,9873.45,9877.55,17506
2020-06-08 21:00:00.0000000,9877.55,9890.75,9859.65,9883.55,31442
2020-06-09 01:00:00.0000000,9883.55,9907.15,9813.95,9824.25,48185
2020-06-09 05:00:00.0000000,9824.15,9862.05,9812.45,9858.75,42334
2020-06-09 09:00:00.0000000,9858.75,9987.25,9847.25,9978.75,99041
2020-06-09 13:00:00.0000000,9978.75,10005.45,9943.25,9961.65,65834
2020-06-09 17:00:00.0000000,9966.15,9998.15,9961.95,9995.75,13225
2020-06-09 21:00:00.0000000,9995.95,10016.65,9987.65,10007.15,28123
2020-06-10 01:00:00.0000000,10007.05,10015.65,9986.95,10001.55,34378
2020-06-10 05:00:00.0000000,10001.45,10047.55,9959.15,10045.25,42232
2020-06-10 09:00:00.0000000,10045.05,10078.35,10019.55,10064.95,108349
2020-06-10 13:00:00.0000000,10064.45,10156.05,10032,10088.45,93262
2020-06-10 17:00:00.0000000,10083.65,10105.25,10031.85,10070.35,27667
2020-06-10 21:00:00.0000000,10070.65,10094.35,10000.75,10018.25,44193
2020-06-11 01:00:00.0000000,10017.75,10024.45,9923.95,9927.15,66572
2020-06-11 05:00:00.0000000,9927.45,9990.45,9895.35,9933.45,55655
2020-06-11 09:00:00.0000000,9933.45,9980.15,9703.65,9707.55,131267
2020-06-11 13:00:00.0000000,9707.55,9783.05,9584.75,9620.75,113038
2020-06-11 17:00:00.0000000,9628.85,9695.05,9595.45,9643.55,35698
2020-06-11 21:00:00.0000000,9643.35,9739.85,9602.85,9720.55,41929
2020-06-12 01:00:00.0000000,9720.55,9775.95,9662.75,9766.95,49346
2020-06-12 05:00:00.0000000,9767.25,9794.15,9719.35,9756.55,43966
2020-06-12 09:00:00.0000000,9755.85,9848.95,9569.25,9671.05,116557
2020-06-12 13:00:00.0000000,9671.05,9683.85,9495.15,9645.15,94306
2020-06-14 17:00:00.0000000,9540.95,9584.55,9503.55,9540.35,30546
2020-06-14 21:00:00.0000000,9540.35,9595.35,9532.05,9536.55,24349
2020-06-15 01:00:00.0000000,9536.85,9538.95,9380.65,9497.55,50838
2020-06-15 05:00:00.0000000,9497.55,9540.35,9472.15,9523.55,30188
2020-06-15 09:00:00.0000000,9523.55,9687.35,9484.45,9686.55,104710
2020-06-15 13:00:00.0000000,9686.25,9814.25,9676.95,9812.25,73684
2020-06-15 17:00:00.0000000,9816.35,9885.55,9799.35,9868.25,20950
2020-06-15 21:00:00.0000000,9868.35,9958.35,9863.25,9911.75,32367
2020-06-16 01:00:00.0000000,9911.75,9940.25,9863.25,9909.55,42587
2020-06-16 05:00:00.0000000,9909.75,10010.85,9897.75,10001.35,25328
2020-06-16 09:00:00.0000000,10000.95,10013.75,9800.25,9962.25,127495
2020-06-16 13:00:00.0000000,9961.05,9983.05,9876.25,9971.05,86844
2020-06-16 17:00:00.0000000,9947.05,10000.55,9930.25,9984.85,22352
2020-06-16 21:00:00.0000000,9984.85,9994.25,9927.45,9974.55,33202
2020-06-17 01:00:00.0000000,9974.55,10050.05,9951.05,10043.35,46030
2020-06-17 05:00:00.0000000,10043.45,10046.05,9985.25,10015.25,32239
2020-06-17 09:00:00.0000000,10014.95,10045.05,9949,10042.35,94626
2020-06-17 13:00:00.0000000,10042.45,10060.2,9959.35,9999.55,71952
2020-06-17 17:00:00.0000000,9985.45,10008.85,9932.05,9947.85,23011
2020-06-17 21:00:00.0000000,9947.55,9975.15,9879.55,9972.15,40243
2020-06-18 01:00:00.0000000,9972.15,10039.05,9940.35,10031.85,40347
2020-06-18 05:00:00.0000000,10032.05,10041.55,9942.7,9986.45,37087
2020-06-18 09:00:00.0000000,9985.95,10020.85,9938.55,9989.85,101948
2020-06-18 13:00:00.0000000,9990.05,10018.75,9948.85,10001.65,69819
2020-06-18 17:00:00.0000000,10002.85,10038.45,9995.45,10010.45,15007
2020-06-18 21:00:00.0000000,10010.45,10030.55,9993.65,10018.15,25925
2020-06-19 01:00:00.0000000,10018.15,10087.15,10015.45,10070.35,26410
2020-06-19 05:00:00.0000000,10070.55,10108.65,10063.85,10103.85,27773
2020-06-19 09:00:00.0000000,10103.55,10124.35,9949.05,10031.85,103805
2020-06-19 13:00:00.0000000,10031.85,10033.65,9929.35,9937.85,101599
2020-06-21 17:00:00.0000000,9890.35,9939.05,9855.55,9928.15,26392
2020-06-21 21:00:00.0000000,9928.75,10009.05,9927.55,9980.85,33022
2020-06-22 01:00:00.0000000,9980.35,10031.15,9957.05,10027.15,37823
2020-06-22 05:00:00.0000000,10027.25,10050.15,9995.25,10009.15,28832
2020-06-22 09:00:00.0000000,10008.35,10116.05,9987.95,10105.55,89864
2020-06-22 13:00:00.0000000,10105.65,10143.15,10078.05,10133.15,69511
2020-06-22 17:00:00.0000000,10134.95,10169.15,10126.75,10153.65,19034
2020-06-22 21:00:00.0000000,10153.75,10157.45,9983.35,10121.85,56257
2020-06-23 01:00:00.0000000,10121.85,10208.95,10100.15,10185.15,43654
2020-06-23 05:00:00.0000000,10184.65,10216.25,10180.55,10205.15,23726
2020-06-23 09:00:00.0000000,10205.15,10279.95,10170.85,10273.95,92191
2020-06-23 13:00:00.0000000,10273.75,10307.45,10187.35,10188.35,73814
2020-06-23 17:00:00.0000000,10201.15,10235.25,10179.15,10226.85,21326
2020-06-23 21:00:00.0000000,10226.95,10253.15,10191.25,10243.45,38858
2020-06-24 01:00:00.0000000,10243.75,10247.25,10138.15,10169.45,38619
2020-06-24 05:00:00.0000000,10169.65,10195.35,10117.95,10193.35,32165
2020-06-24 09:00:00.0000000,10193.45,10232.75,9939.55,10038.15,125016
2020-06-24 13:00:00.0000000,10038.25,10051.45,9950.25,10026.65,101693
2020-06-24 17:00:00.0000000,10021.35,10040.55,9975.35,10034.85,21903
2020-06-24 21:00:00.0000000,10034.55,10042.35,9953.25,9998.55,32618
2020-06-25 01:00:00.0000000,9998.65,10036.55,9905.75,10025.25,45191
2020-06-25 05:00:00.0000000,10025.25,10059.05,9973.45,10005.95,36040
2020-06-25 09:00:00.0000000,10005.95,10052.75,9898.65,10024.15,117629
2020-06-25 13:00:00.0000000,10023.85,10118.55,9978.35,10108.45,83813
2020-06-25 17:00:00.0000000,10099.15,10131.35,10085.55,10112.95,15386
2020-06-25 21:00:00.0000000,10113.05,10123.45,10092.85,10107.45,19155
2020-06-26 01:00:00.0000000,10106.85,10114.95,10044.55,10083.85,30823
2020-06-26 05:00:00.0000000,10084.35,10130.95,10075.45,10085.65,26849
2020-06-26 09:00:00.0000000,10085.15,10093.75,9863.25,9932.25,123692
2020-06-26 13:00:00.0000000,9931.45,9963.35,9836.15,9856.35,101609
2020-06-28 17:00:00.0000000,9798.85,9856.65,9792.15,9854.65,26190
2020-06-28 21:00:00.0000000,9854.65,9893.35,9817.25,9824.05,47832
2020-06-29 01:00:00.0000000,9824.05,9891.05,9814.35,9867.25,45552
2020-06-29 05:00:00.0000000,9867.55,9899.05,9838.55,9858.65,29649
2020-06-29 09:00:00.0000000,9859.35,9940.05,9742.15,9930.75,113410
2020-06-29 13:00:00.0000000,9931.05,10009.25,9884.75,9998.65,75960
2020-06-29 17:00:00.0000000,9988.85,10019.05,9987.75,10001.85,19538
2020-06-29 21:00:00.0000000,10001.85,10033.55,9999.35,10023.05,25346
2020-06-30 01:00:00.0000000,10022.95,10039.35,9965.55,9973.45,41411
2020-06-30 05:00:00.0000000,9973.45,10002.45,9951.75,9962.85,29853
2020-06-30 09:00:00.0000000,9962.85,10114.45,9952.85,10075.55,104170
2020-06-30 13:00:00.0000000,10075.75,10182.65,10050.55,10151.75,80456
2020-06-30 17:00:00.0000000,10146.75,10159.45,10133.35,10148.45,13688
2020-06-30 21:00:00.0000000,10148.45,10164.85,10137.75,10140.45,17147
2020-07-01 01:00:00.0000000,10140.25,10167.45,10115.35,10147.35,21095
2020-07-01 05:00:00.0000000,10147.15,10165.15,10087.65,10159.95,38278
2020-07-01 09:00:00.0000000,10159.65,10278.75,10137.55,10263.95,101727
2020-07-01 13:00:00.0000000,10264.05,10320.25,10237.95,10266.75,76998
2020-07-01 17:00:00.0000000,10268.25,10287.95,10257.05,10273.25,15990
2020-07-01 21:00:00.0000000,10273.25,10308.55,10263.15,10297.55,26917
2020-07-02 01:00:00.0000000,10298.05,10344.95,10289.55,10332.45,32155
2020-07-02 05:00:00.0000000,10332.15,10390.45,10310.65,10384.15,26292
2020-07-02 09:00:00.0000000,10384.45,10430.45,10339.45,10397.95,108755
2020-07-02 13:00:00.0000000,10397.45,10414.25,10327.65,10357.95,72010
2020-07-02 17:00:00.0000000,10359.55,10372.45,10349.95,10367.05,12114
2020-07-02 21:00:00.0000000,10367.05,10381.75,10350.45,10359.55,24638
2020-07-03 01:00:00.0000000,10359.85,10399.25,10353.25,10386.85,29446
2020-07-03 05:00:00.0000000,10386.85,10391.35,10351.85,10353.35,19893
2020-07-03 09:00:00.0000000,10353.55,10367.95,10319.35,10339.75,29707
2020-07-05 17:00:00.0000000,10372.05,10429.05,10370.45,10428.55,14878
2020-07-05 21:00:00.0000000,10428.75,10513.95,10428.75,10497.75,35589
2020-07-06 01:00:00.0000000,10497.85,10513.85,10481.65,10491.65,42005
2020-07-06 05:00:00.0000000,10491.65,10502.85,10473.65,10499.85,21112
2020-07-06 09:00:00.0000000,10499.85,10624.65,10476.85,10594.35,98674
2020-07-06 13:00:00.0000000,10594.45,10614.85,10529.35,10608.35,82093
2020-07-06 17:00:00.0000000,10613.15,10674.35,10604.25,10669.55,15640
2020-07-06 21:00:00.0000000,10669.05,10674.35,10596.55,10613.05,39534
2020-07-07 01:00:00.0000000,10613.05,10623.05,10548.45,10558.75,38032
2020-07-07 05:00:00.0000000,10558.45,10585.05,10540.05,10583.25,28219
2020-07-07 09:00:00.0000000,10583.25,10704.45,10567.85,10646.75,98755
2020-07-07 13:00:00.0000000,10646.55,10652.25,10516.15,10536.35,83940
2020-07-07 17:00:00.0000000,10538.05,10579.25,10535.85,10566.55,17470
2020-07-07 21:00:00.0000000,10567.25,10582.05,10522.45,10528.25,34005
2020-07-08 01:00:00.0000000,10528.25,10595.25,10515.45,10572.75,37599
2020-07-08 05:00:00.0000000,10572.95,10594,10534.45,10576.75,28008
2020-07-08 09:00:00.0000000,10576.55,10649.9,10523.05,10636.55,108374
2020-07-08 13:00:00.0000000,10636.75,10683.55,10571.95,10681.95,86233
2020-07-08 17:00:00.0000000,10696.95,10704.35,10671.75,10684.25,13561
2020-07-08 21:00:00.0000000,10684.25,10693.75,10655.65,10682.75,29280
2020-07-09 01:00:00.0000000,10682.75,10698.35,10656.75,10692.65,35421
2020-07-09 05:00:00.0000000,10692.15,10748.95,10685.65,10737.65,24694
2020-07-09 09:00:00.0000000,10737.55,10757.35,10571.05,10694.15,117126
2020-07-09 13:00:00.0000000,10694.15,10783.25,10682.55,10735.45,89643
2020-07-09 17:00:00.0000000,10741.65,10767.45,10712.45,10721.55,15787
2020-07-09 21:00:00.0000000,10721.65,10733.95,10689.25,10692.45,32927
2020-07-10 01:00:00.0000000,10692.45,10721.05,10661.35,10700.25,48031
2020-07-10 05:00:00.0000000,10700.25,10751.05,10683.55,10733.85,35220
2020-07-10 09:00:00.0000000,10734.05,10760.75,10637.05,10751.85,113496
2020-07-10 13:00:00.0000000,10752.05,10858.3,10745.05,10853.4,69687
2020-07-12 17:00:00.0000000,10869.05,10919.45,10861.45,10902.55,24213
2020-07-12 21:00:00.0000000,10902.55,10910.65,10882.15,10890.05,29300
2020-07-13 01:00:00.0000000,10890.05,10927.65,10877.65,10895.55,35647
2020-07-13 05:00:00.0000000,10895.55,10962.65,10884.45,10947.65,28411
2020-07-13 09:00:00.0000000,10947.65,11069.05,10940.95,10977.25,108665
2020-07-13 13:00:00.0000000,10978.25,11026.25,10574.65,10609.85,114249
2020-07-13 17:00:00.0000000,10636.85,10671.75,10631.05,10655.15,23220
2020-07-13 21:00:00.0000000,10655.75,10670.65,10622.25,10635.35,36757
2020-07-14 01:00:00.0000000,10635.35,10704.25,10597.75,10648.7,49413
2020-07-14 05:00:00.0000000,10648.95,10685.35,10514.75,10521.55,49325
2020-07-14 09:00:00.0000000,10521.05,10640.45,10371.15,10539.25,132176
2020-07-14 13:00:00.0000000,10539.25,10700.05,10500.55,10654.05,101028
2020-07-14 17:00:00.0000000,10740.95,10749.05,10709.75,10729.55,22543
2020-07-14 21:00:00.0000000,10729.55,10735.55,10672.65,10704.75,30811
2020-07-15 01:00:00.0000000,10704.95,10723.15,10682.35,10699.3,37950
2020-07-15 05:00:00.0000000,10699.1,10765.4,10678.6,10735.85,53920
2020-07-15 09:00:00.0000000,10735.35,10777.95,10562.55,10655.65,130141
2020-07-15 13:00:00.0000000,10655.95,10720.65,10628.95,10698.75,83224
2020-07-15 17:00:00.0000000,10697.85,10707.75,10615.45,10626.25,21740
2020-07-15 21:00:00.0000000,10626.05,10648.45,10585.75,10616.85,40096
2020-07-16 01:00:00.0000000,10616.75,10627.75,10533.25,10548.45,44862
2020-07-16 05:00:00.0000000,10548.45,10576.05,10496.65,10567.05,38530
2020-07-16 09:00:00.0000000,10566.05,10610.05,10486.55,10568.65,110997
2020-07-16 13:00:00.0000000,10568.85,10656.05,10516.55,10544.35,75401
2020-07-16 17:00:00.0000000,10538.75,10597.55,10533.45,10596.55,11116
2020-07-16 21:00:00.0000000,10596.65,10617.55,10570.95,10600.75,28912
2020-07-17 01:00:00.0000000,10600.75,10628.15,10576.45,10622.45,29449
2020-07-17 05:00:00.0000000,10622.55,10638.95,10605.45,10629.15,25059
2020-07-17 09:00:00.0000000,10628.65,10667.95,10548.65,10617.15,87509
2020-07-17 13:00:00.0000000,10617.45,10678.55,10598.35,10633.45,62776
2020-07-19 17:00:00.0000000,10650.85,10666.65,10640.15,10646.15,13654
2020-07-19 21:00:00.0000000,10646.15,10648.15,10562.65,10594.75,32689
2020-07-20 01:00:00.0000000,10594.75,10619.15,10556.85,10613.85,33432
2020-07-20 05:00:00.0000000,10613.85,10684.85,10613.85,10676.85,25917
2020-07-20 09:00:00.0000000,10677.15,10842.15,10616.25,10841.35,92863
2020-07-20 13:00:00.0000000,10841.75,10970.85,10837.35,10958.05,58890
2020-07-20 17:00:00.0000000,10970.35,11002.85,10942.75,10998.55,16697
2020-07-20 21:00:00.0000000,10997.95,11031.05,10987.25,11024.75,28598
2020-07-21 01:00:00.0000000,11024.75,11068.25,11017.95,11054.25,35088
2020-07-21 05:00:00.0000000,11054.45,11066.45,11027.25,11029.75,25379
2020-07-21 09:00:00.0000000,11029.45,11030.05,10838.95,10879.45,113990
2020-07-21 13:00:00.0000000,10878.95,10944.65,10794.75,10856.45,76546
2020-07-21 17:00:00.0000000,10859.15,10893.15,10853.55,10859.25,19215
2020-07-21 21:00:00.0000000,10859.75,10925.85,10856.15,10864.25,30608
2020-07-22 01:00:00.0000000,10864.35,10885.75,10793.05,10810.25,40782
2020-07-22 05:00:00.0000000,10810.55,10893.55,10792.55,10876.55,28370
2020-07-22 09:00:00.0000000,10875.75,10909.45,10772.35,10839.55,96869
2020-07-22 13:00:00.0000000,10839.15,10885.35,10793.95,10854.55,71345
2020-07-22 17:00:00.0000000,10849.45,10870.35,10817.5,10828.35,13149
2020-07-22 21:00:00.0000000,10828.35,10861.85,10815.75,10846.65,28875
2020-07-23 01:00:00.0000000,10846.65,10948.15,10838.35,10899.45,38251
2020-07-23 05:00:00.0000000,10899.15,10919.15,10851.65,10854.15,32473
2020-07-23 09:00:00.0000000,10853.15,10881.15,10661.15,10699.65,113568
2020-07-23 13:00:00.0000000,10699.65,10728.35,10524.95,10576.45,108501
2020-07-23 17:00:00.0000000,10585.05,10606.55,10581.95,10606.25,14748
2020-07-23 21:00:00.0000000,10606.25,10608.05,10461.45,10505.55,35515
2020-07-24 01:00:00.0000000,10505.55,10508.75,10389.75,10447.45,54460
2020-07-24 05:00:00.0000000,10447.15,10508.45,10420.95,10455.95,36857
2020-07-24 09:00:00.0000000,10454.15,10540.75,10312.85,10441.05,118719
2020-07-24 13:00:00.0000000,10440.95,10522.05,10392.55,10473.35,86612
2020-07-26 17:00:00.0000000,10507.35,10526.95,10411.45,10499.65,22146
2020-07-26 21:00:00.0000000,10500.25,10552.55,10483.35,10537.85,26655
2020-07-27 01:00:00.0000000,10537.65,10542.85,10505.55,10529.35,36255
2020-07-27 05:00:00.0000000,10529.35,10596.85,10527.15,10560.15,32741
2020-07-27 09:00:00.0000000,10559.85,10646.45,10522.75,10602.35,96149
2020-07-27 13:00:00.0000000,10603.15,10694.65,10601.05,10693.55,62015
2020-07-27 17:00:00.0000000,10700.05,10745.45,10692.95,10742.75,16109
2020-07-27 21:00:00.0000000,10743.15,10769.15,10695.95,10714.55,38450
2020-07-28 01:00:00.0000000,10714.25,10729.45,10664.85,10692.05,35634
2020-07-28 05:00:00.0000000,10692.05,10696.85,10612.75,10655.05,38087
2020-07-28 09:00:00.0000000,10655.05,10663.35,10569.05,10642.75,97046
2020-07-28 13:00:00.0000000,10642.75,10661.85,10526.05,10560.15,63827
2020-07-28 17:00:00.0000000,10579.75,10591.05,10556.25,10586.75,14057
2020-07-28 21:00:00.0000000,10586.75,10589.25,10524.75,10535.25,27230
2020-07-29 01:00:00.0000000,10535.25,10617.55,10529.95,10594.65,31937
2020-07-29 05:00:00.0000000,10594.65,10629.65,10576.95,10610.65,25374
2020-07-29 09:00:00.0000000,10610.55,10657.55,10583.75,10636.35,75140
2020-07-29 13:00:00.0000000,10636.55,10711.45,10611.9,10711.15,76654
2020-07-29 17:00:00.0000000,10704.25,10706.95,10668.75,10682.75,15975
2020-07-29 21:00:00.0000000,10682.55,10692.25,10662.65,10674.25,29514
2020-07-30 01:00:00.0000000,10674.55,10676.55,10537.45,10541.65,43390
2020-07-30 05:00:00.0000000,10539.75,10608.95,10514.25,10551.65,46103
2020-07-30 09:00:00.0000000,10551.65,10717.35,10526.75,10697.45,102438
2020-07-30 13:00:00.0000000,10697.45,10904.85,10684.25,10899.85,72254
2020-07-30 17:00:00.0000000,10930.95,10936.35,10888.65,10906.25,23211
2020-07-30 21:00:00.0000000,10906.35,10947.95,10870.95,10882.35,42397
2020-07-31 01:00:00.0000000,10882.45,10932.15,10853.45,10914.15,45349
2020-07-31 05:00:00.0000000,10914.15,10942.85,10885.15,10913.45,29392
2020-07-31 09:00:00.0000000,10913.45,10918.35,10701.55,10719.05,115292
2020-07-31 13:00:00.0000000,10718.75,10930.45,10712.85,10925.15,78474
2020-08-02 17:00:00.0000000,10913.45,10942.25,10885.35,10935.75,17219
2020-08-02 21:00:00.0000000,10935.75,10964.25,10920.15,10939.95,24813
2020-08-03 01:00:00.0000000,10940.15,10963.85,10909.35,10947.45,31696
2020-08-03 05:00:00.0000000,10947.15,11014.45,10937.15,10999.85,27687
2020-08-03 09:00:00.0000000,10999.75,11077.25,10981.65,11052.05,93681
2020-08-03 13:00:00.0000000,11052.25,11082.85,11026.45,11062.15,65398
2020-08-03 17:00:00.0000000,11048.35,11062.35,11036.65,11053.25,10525
2020-08-03 21:00:00.0000000,11053.35,11080.25,11045.25,11063.95,22788
2020-08-04 01:00:00.0000000,11064.45,11101.15,10996.65,11017.35,41995
2020-08-04 05:00:00.0000000,11017.35,11037.85,10992.55,11012.95,32390
2020-08-04 09:00:00.0000000,11012.95,11091.75,11008.65,11036.55,89692
2020-08-04 13:00:00.0000000,11036.85,11104.25,10997.95,11087.35,59051
2020-08-04 17:00:00.0000000,11083.25,11093.05,11068.75,11082.25,12297
2020-08-04 21:00:00.0000000,11082.55,11112.85,11065.75,11103.35,24931
2020-08-05 01:00:00.0000000,11103.35,11148.15,11099.05,11136.6,32153
2020-08-05 05:00:00.0000000,11136.45,11153.85,11094.25,11097.85,29562
2020-08-05 09:00:00.0000000,11097.55,11138.65,11075.35,11112.25,92264
2020-08-05 13:00:00.0000000,11112.25,11132.15,11080.95,11106.05,49817
2020-08-05 17:00:00.0000000,11098.15,11125.65,11093.35,11123.15,12224
2020-08-05 21:00:00.0000000,11123.35,11133.85,11076.95,11091.75,31816
2020-08-06 01:00:00.0000000,11090.85,11136.35,11088.65,11098.75,36837
2020-08-06 05:00:00.0000000,11098.35,11122.35,11059.85,11113.95,34570
2020-08-06 09:00:00.0000000,11113.95,11181.95,11082.25,11181.55,89792
2020-08-06 13:00:00.0000000,11181.05,11279.75,11170.05,11267.15,62718
2020-08-06 17:00:00.0000000,11261.35,11290.1,11250.35,11276.1,9477
2020-08-06 21:00:00.0000000,11275.85,11279.1,11191.6,11212.6,30198
2020-08-07 01:00:00.0000000,11212.35,11246.85,11196.1,11223.85,30483
2020-08-07 05:00:00.0000000,11224.1,11264.25,11196.6,11226.6,26188
2020-08-07 09:00:00.0000000,11226.85,11274.8,11142.95,11143.65,76823
2020-08-07 13:00:00.0000000,11143.15,11146.4,11041.95,11138.5,74171
2020-08-09 17:00:00.0000000,11132.9,11145.75,11080,11113.5,10964
2020-08-09 21:00:00.0000000,11113.25,11128.5,11092.5,11125.75,14379
2020-08-10 01:00:00.0000000,11126,11141.5,11102,11122.25,25325
2020-08-10 05:00:00.0000000,11122.5,11146,11116,11141,16612
2020-08-10 09:00:00.0000000,11141.25,11153.25,10935.35,11079.5,89144
2020-08-10 13:00:00.0000000,11080.25,11109.25,11047.6,11086.75,58620
2020-08-10 17:00:00.0000000,11076.6,11100.35,11065.6,11098.35,8231
2020-08-10 21:00:00.0000000,11098.6,11130.75,11093.6,11115.35,14895
2020-08-11 01:00:00.0000000,11115.1,11156.35,11095.1,11155.25,27442
2020-08-11 05:00:00.0000000,11155,11163.9,10994,11028.85,29496
2020-08-11 09:00:00.0000000,11028.1,11090.85,10949.2,11068.6,90848
2020-08-11 13:00:00.0000000,11069.1,11079.1,10852.5,10916.6,75510
2020-08-11 17:00:00.0000000,10939.95,10956.7,10892.95,10905.2,12811
2020-08-11 21:00:00.0000000,10904.95,10934.7,10886.45,10904.2,20656
2020-08-12 01:00:00.0000000,10903.7,10992.85,10895.45,10978.2,28836
2020-08-12 05:00:00.0000000,10978.7,10997.95,10940.55,10955.7,22760
2020-08-12 09:00:00.0000000,10955.45,11171.95,10942.45,11135.95,77754
2020-08-12 13:00:00.0000000,11136.2,11191.55,11122.7,11125.45,53727
2020-08-12 17:00:00.0000000,11126.05,11156.8,11108.15,11113.9,9660
2020-08-12 21:00:00.0000000,11114.15,11141.85,11101.9,11124.85,16149
2020-08-13 01:00:00.0000000,11124.6,11155.85,11102.35,11126.1,22368
2020-08-13 05:00:00.0000000,11125.6,11205.1,11114.6,11198.35,18491
2020-08-13 09:00:00.0000000,11198.6,11266.6,11171.95,11265,74008
2020-08-13 13:00:00.0000000,11265.5,11271.75,11136.7,11189.3,69963
2020-08-13 17:00:00.0000000,11194.55,11220.55,11187.3,11199.05,7642
2020-08-13 21:00:00.0000000,11199.05,11218.05,11191.55,11208.55,14374
2020-08-14 01:00:00.0000000,11208.3,11243.8,11153.05,11165.45,27221
2020-08-14 05:00:00.0000000,11165.2,11223.8,11144.65,11203.05,24292
2020-08-14 09:00:00.0000000,11202.8,11212.9,11101.6,11174.6,80145
2020-08-14 13:00:00.0000000,11174.85,11179.35,11125.75,11152.35,47651
2020-08-16 17:00:00.0000000,11162.4,11170.4,11155.9,11165.4,6800
2020-08-16 21:00:00.0000000,11165.15,11196.4,11160.9,11188.4,11737
2020-08-17 01:00:00.0000000,11188.65,11214.4,11181.9,11202.15,22511
2020-08-17 05:00:00.0000000,11202.4,11239.4,11200.4,11233.65,15625
2020-08-17 09:00:00.0000000,11234.15,11283.15,11229.15,11279.15,56100
2020-08-17 13:00:00.0000000,11279.65,11306.9,11275.15,11293.4,31934
2020-08-17 17:00:00.0000000,11292.6,11318.1,11289.6,11308.85,7295
2020-08-17 21:00:00.0000000,11308.6,11311.6,11287.1,11301.35,12818
2020-08-18 01:00:00.0000000,11301.6,11304.85,11278.7,11299.85,17992
2020-08-18 05:00:00.0000000,11299.6,11353.25,11297.6,11338.75,17976
2020-08-18 09:00:00.0000000,11338.5,11390.85,11275.6,11376.6,68656
2020-08-18 13:00:00.0000000,11376.85,11421.55,11370.1,11420.55,37706
2020-08-18 17:00:00.0000000,11416.8,11423.05,11402.3,11410.05,7161
2020-08-18 21:00:00.0000000,11410.3,11433.3,11408.8,11421.3,10893
2020-08-19 01:00:00.0000000,11421.05,11431.8,11396.3,11421.3,17755
2020-08-19 05:00:00.0000000,11421.05,11432.55,11378.3,11384.05,15548
2020-08-19 09:00:00.0000000,11384.3,11441.3,11337.05,11426.3,65548
2020-08-19 13:00:00.0000000,11426.55,11435.55,11303.05,11325.35,59142
2020-08-19 17:00:00.0000000,11330.15,11333.65,11282.4,11296.65,8629
2020-08-19 21:00:00.0000000,11296.9,11297.65,11225.15,11255.4,21850
2020-08-20 01:00:00.0000000,11255.65,11302.9,11254.4,11295.9,27969
2020-08-20 05:00:00.0000000,11295.4,11339.9,11289.4,11306.9,22315
2020-08-20 09:00:00.0000000,11307.15,11427.9,11270.9,11402.6,68108
2020-08-20 13:00:00.0000000,11402.35,11500,11392.75,11484.25,44577
2020-08-20 17:00:00.0000000,11489.9,11522.15,11486.4,11522.15,8460
2020-08-20 21:00:00.0000000,11522.4,11527.9,11496.7,11510.65,16099
2020-08-21 01:00:00.0000000,11510.4,11513.65,11465.4,11481.9,24077
2020-08-21 05:00:00.0000000,11481.65,11499.65,11411.15,11467.9,31708
2020-08-21 09:00:00.0000000,11468.4,11562.05,11454.2,11543.55,80528
2020-08-21 13:00:00.0000000,11543.8,11577.4,11518.3,11566.7,46784
2020-08-23 17:00:00.0000000,11582.8,11596.55,11571.15,11592.8,11719
2020-08-23 21:00:00.0000000,11592.55,11618.7,11584.55,11609.55,15587
2020-08-24 01:00:00.0000000,11609.3,11680.1,11604.3,11675.5,24297
2020-08-24 05:00:00.0000000,11675.75,11700,11658.35,11691.35,17943
2020-08-24 09:00:00.0000000,11691.6,11726.45,11533.25,11609.6,95044
2020-08-24 13:00:00.0000000,11609.35,11646.1,11551.6,11637.85,60394
2020-08-24 17:00:00.0000000,11639.35,11661.1,11635.6,11656.85,10408
2020-08-24 21:00:00.0000000,11656.6,11694.1,11654.1,11681.6,17507
2020-08-25 01:00:00.0000000,11681.35,11691.85,11656.1,11665.6,23822
2020-08-25 05:00:00.0000000,11665.85,11669.35,11612.35,11628.6,21719
2020-08-25 09:00:00.0000000,11628.35,11695.7,11580.1,11666.85,86339
2020-08-25 13:00:00.0000000,11667.1,11746.6,11654.85,11740.35,44714
2020-08-25 17:00:00.0000000,11740.1,11762.1,11734.6,11744.85,8498
2020-08-25 21:00:00.0000000,11744.6,11754.6,11734.35,11743.6,13864
2020-08-26 01:00:00.0000000,11743.35,11770.6,11731.1,11764.6,21483
2020-08-26 05:00:00.0000000,11764.85,11787.85,11739.7,11755.85,18423
2020-08-26 09:00:00.0000000,11755.35,11954.5,11755.35,11907.35,76428
2020-08-26 13:00:00.0000000,11907.1,12005.55,11872.8,11988.3,63434
2020-08-26 17:00:00.0000000,11979.45,11983.7,11959.7,11972.7,10499
2020-08-26 21:00:00.0000000,11972.95,11983.7,11938.45,11963.2,18611
2020-08-27 01:00:00.0000000,11963.45,11984.2,11951.2,11965.45,23303
2020-08-27 05:00:00.0000000,11964.95,11981.2,11946.95,11971.2,21286
2020-08-27 09:00:00.0000000,11970.95,12049.45,11838.45,11873.45,110316
2020-08-27 13:00:00.0000000,11873.2,11991.2,11852.2,11950.45,76362
2020-08-27 17:00:00.0000000,11954.6,11977.1,11948.6,11959.6,9474
2020-08-27 21:00:00.0000000,11959.35,12018.75,11938.2,12007.1,22156
2020-08-28 01:00:00.0000000,12006.6,12007.85,11925.6,11944.35,40053
2020-08-28 05:00:00.0000000,11944.6,11981.75,11923.85,11966.35,24636
2020-08-28 09:00:00.0000000,11965.6,12021.1,11951.1,11985.6,82779
2020-08-28 13:00:00.0000000,11985.1,12016.1,11929.2,12005.6,58350
2020-08-30 17:00:00.0000000,12013.85,12095.1,12009.85,12081.6,12632
2020-08-30 21:00:00.0000000,12081.35,12095.1,12075.85,12085.85,15740
2020-08-31 01:00:00.0000000,12086.1,12086.1,12026.85,12042.6,21796
2020-08-31 05:00:00.0000000,12042.35,12053.1,12004.85,12012,19841
2020-08-31 09:00:00.0000000,12012.25,12109.75,11992.6,12109.6,93033
2020-08-31 13:00:00.0000000,12109.85,12168.1,12087.25,12110.35,57002
2020-08-31 17:00:00.0000000,12119.4,12150.15,12096.4,12135.9,14226
2020-08-31 21:00:00.0000000,12136.15,12177.4,12131.65,12166.15,21219
2020-09-01 01:00:00.0000000,12166.4,12237.4,12157.5,12217.65,28315
2020-09-01 05:00:00.0000000,12217.9,12251.65,12189.9,12192.15,23346
2020-09-01 09:00:00.0000000,12191.4,12273.65,12129.05,12254.65,88976
2020-09-01 13:00:00.0000000,12255.15,12331.65,12237.8,12331.4,49326
2020-09-01 17:00:00.0000000,12324.45,12418.85,12320.2,12390.7,12476
2020-09-01 21:00:00.0000000,12390.45,12397.45,12369.8,12375.7,15634
2020-09-02 01:00:00.0000000,12375.45,12451.2,12371.05,12451.2,27696
2020-09-02 05:00:00.0000000,12452.1,12467.7,12423.7,12438.2,24209
2020-09-02 09:00:00.0000000,12437.95,12446.7,12174.95,12331.2,111970
2020-09-02 13:00:00.0000000,12331.7,12437.7,12319.55,12410.7,70492
2020-09-02 17:00:00.0000000,12404.9,12439.65,12375.9,12379.8,11095
2020-09-02 21:00:00.0000000,12380.3,12420.45,12361.9,12386.5,22946
2020-09-03 01:00:00.0000000,12386.25,12411.85,12354,12365.2,30986
2020-09-03 05:00:00.0000000,12365.45,12365.7,12256.55,12269.25,36301
2020-09-03 09:00:00.0000000,12269,12272.5,11746.9,11783.9,120800
2020-09-03 13:00:00.0000000,11783.15,11856.35,11660.4,11803.15,92906
2020-09-03 17:00:00.0000000,11725.4,11735.75,11583.85,11645.85,30691
2020-09-03 21:00:00.0000000,11646.1,11711,11593.75,11691,29344
2020-09-04 01:00:00.0000000,11691.25,11789.5,11621,11771,41639
2020-09-04 05:00:00.0000000,11770.25,11800,11616.4,11690.25,44794
2020-09-04 09:00:00.0000000,11689.75,11844,11143.85,11510.5,135815
2020-09-04 13:00:00.0000000,11509.75,11752.5,11370,11540.75,109522
2020-09-06 17:00:00.0000000,11543.75,11545,11309.25,11451.75,25067
2020-09-06 21:00:00.0000000,11452,11479,11407.75,11425,24935
2020-09-07 01:00:00.0000000,11425.5,11460.5,11373,11433.5,30708
2020-09-07 05:00:00.0000000,11433.75,11511.2,11417,11458.05,22256
2020-09-07 09:00:00.0000000,11456.8,11528.45,11431.85,11502.1,34612
2020-09-07 17:00:00.0000000,11505.9,11584.85,11505.9,11541.4,16494
2020-09-07 21:00:00.0000000,11541.65,11566.6,11470.9,11500.65,20351
2020-09-08 01:00:00.0000000,11500.15,11573.65,11335.3,11363.3,37133
2020-09-08 05:00:00.0000000,11363.05,11394.6,11149.95,11224.7,54823
2020-09-08 09:00:00.0000000,11224.2,11403.25,11117.65,11276.5,124087
2020-09-08 13:00:00.0000000,11276.15,11293.15,11043.15,11044.8,86485
2020-09-08 17:00:00.0000000,10996.65,11142.05,10937.15,11132.55,24914
2020-09-08 21:00:00.0000000,11132.05,11163.2,11089.3,11161.7,28051
2020-09-09 01:00:00.0000000,11161.2,11265.85,11054.4,11244.3,43185
2020-09-09 05:00:00.0000000,11243.8,11294.1,11184.75,11196.75,41615
2020-09-09 09:00:00.0000000,11195,11445.5,11190.55,11443.75,95852
2020-09-09 13:00:00.0000000,11444,11476.5,11352,11368.5,79611
2020-09-09 17:00:00.0000000,11385.1,11448.1,11373.35,11390.1,15319
2020-09-09 21:00:00.0000000,11389.6,11397.85,11325.15,11375.6,21259
2020-09-10 01:00:00.0000000,11375.85,11454.6,11257.65,11313.2,33707
2020-09-10 05:00:00.0000000,11313.45,11503.25,11302.45,11494.25,42199
2020-09-10 09:00:00.0000000,11495,11570,11323.75,11386.25,115791
2020-09-10 13:00:00.0000000,11386.75,11419.75,11092.75,11181.6,96102
2020-09-10 17:00:00.0000000,11209.1,11250.85,11184.35,11236.35,15206
2020-09-10 21:00:00.0000000,11235.85,11272.1,11234.35,11246.1,13353
2020-09-11 01:00:00.0000000,11246.35,11357.85,11240.6,11313.6,23396
2020-09-11 05:00:00.0000000,11314.85,11339.1,11203.35,11211.35,25798
2020-09-11 09:00:00.0000000,11211.1,11278.95,11017.1,11018.2,90815
2020-09-11 13:00:00.0000000,11018.95,11130.1,10938.45,11076.1,71194
2020-09-13 17:00:00.0000000,11107.55,11195.8,11106.3,11175.55,11598
2020-09-13 21:00:00.0000000,11175.55,11243.8,11169.05,11222.8,15492
2020-09-14 01:00:00.0000000,11223.8,11279.95,11207.8,11217.7,24879
2020-09-14 05:00:00.0000000,11217.95,11259.1,11186.7,11208.05,24614
2020-09-14 09:00:00.0000000,11207.8,11366.6,11201.3,11290.7,86920
2020-09-14 13:00:00.0000000,11290.45,11326.3,11191.2,11277.3,73271
2020-09-14 17:00:00.0000000,11292.3,11318.55,11249.55,11265.8,9281
2020-09-14 21:00:00.0000000,11266.3,11332.1,11249.55,11330.6,12778
2020-09-15 01:00:00.0000000,11331.1,11355.85,11308.85,11351.35,18448
2020-09-15 05:00:00.0000000,11351.35,11428.95,11350.1,11417.35,21294
2020-09-15 09:00:00.0000000,11417.1,11492.1,11382.85,11487.1,81384
2020-09-15 13:00:00.0000000,11487.35,11498.35,11366.85,11463.8,67424
2020-09-15 17:00:00.0000000,11471.05,11479.3,11406.3,11436.55,10852
2020-09-15 21:00:00.0000000,11436.8,11512.55,11421.8,11490.3,14541
2020-09-16 01:00:00.0000000,11490.55,11545.3,11462.05,11536.3,19671
2020-09-16 05:00:00.0000000,11536.55,11552.5,11470.9,11491.15,25817
2020-09-16 09:00:00.0000000,11491.4,11492.6,11351.1,11372.35,85179
2020-09-16 13:00:00.0000000,11371.85,11442.45,11238.7,11266.35,80020
2020-09-16 17:00:00.0000000,11260.55,11303.05,11182.35,11202.85,13112
2020-09-16 21:00:00.0000000,11203.35,11238.25,11080.45,11117.85,27437
2020-09-17 01:00:00.0000000,11118.1,11165.1,11017.65,11128.8,39633
2020-09-17 05:00:00.0000000,11129.05,11188.3,10983.1,10992.85,44198
2020-09-17 09:00:00.0000000,10993.1,11162.6,10919.85,10998.1,109942
2020-09-17 13:00:00.0000000,10998.85,11115.2,10961.1,11080.35,67049
2020-09-17 17:00:00.0000000,11075.05,11130.55,11060.55,11074.3,15860
2020-09-17 21:00:00.0000000,11073.8,11129.8,11035.55,11112.8,28827
2020-09-18 01:00:00.0000000,11115.8,11162.55,11079.55,11117.3,33942
2020-09-18 05:00:00.0000000,11116.8,11169.05,11110.8,11150.15,30386
2020-09-18 09:00:00.0000000,11150.4,11174.4,10836.8,10863.05,102880
2020-09-18 13:00:00.0000000,10863.55,10957.05,10757.55,10953.05,70791
2020-09-20 17:00:00.0000000,10926.45,10979.95,10866.95,10970.95,18704
2020-09-20 21:00:00.0000000,10971.2,11004.2,10895.2,10898.7,25201
2020-09-21 01:00:00.0000000,10898.2,10937.1,10737.95,10756.2,42133
2020-09-21 05:00:00.0000000,10756.45,10821.2,10722.2,10780.95,46541
2020-09-21 09:00:00.0000000,10782.1,10866.7,10671.95,10826.7,110775
2020-09-21 13:00:00.0000000,10826.95,11024.65,10769.8,10994.65,78999
2020-09-21 17:00:00.0000000,10975.2,11062.7,10975.2,11041.95,14724
2020-09-21 21:00:00.0000000,11042.2,11044.55,10955.95,10989.2,27533
2020-09-22 01:00:00.0000000,10990.7,11032.95,10913.2,11017.7,35707
2020-09-22 05:00:00.0000000,11017.45,11098.45,11006.55,11061.45,35162
2020-09-22 09:00:00.0000000,11060.45,11089.7,10937.45,11035.45,99552
2020-09-22 13:00:00.0000000,11034.7,11206.2,11028.95,11168.45,68920
2020-09-22 17:00:00.0000000,11175.45,11178.2,11097.2,11097.95,17566
2020-09-22 21:00:00.0000000,11098.95,11136.95,11088.75,11130.45,23792
2020-09-23 01:00:00.0000000,11130.45,11210.85,11123.8,11208.45,28895
2020-09-23 05:00:00.0000000,11208.7,11238.45,11132.2,11153.95,32022
2020-09-23 09:00:00.0000000,11153.7,11177.6,10988.7,11059.7,97698
2020-09-23 13:00:00.0000000,11059.45,11062.2,10804.6,10838.4,86884
2020-09-23 17:00:00.0000000,10829,10847.25,10743.75,10845.25,23508
2020-09-23 21:00:00.0000000,10845,10866,10751.75,10757,32692
2020-09-24 01:00:00.0000000,10758,10847.5,10733.5,10791.75,41466
2020-09-24 05:00:00.0000000,10792.25,10843.5,10681.05,10704.65,40415
2020-09-24 09:00:00.0000000,10704.5,11001.15,10679.75,10968.15,114777
2020-09-24 13:00:00.0000000,10968.9,11029.9,10824.9,10929.25,86522
2020-09-24 17:00:00.0000000,10946.8,10984.2,10944.3,10973.8,14108
2020-09-24 21:00:00.0000000,10974.05,10995.3,10937.3,10968.55,20319
2020-09-25 01:00:00.0000000,10968.3,10976.3,10871.55,10911.55,33088
2020-09-25 05:00:00.0000000,10911.8,10939.05,10827.9,10931.55,40958
2020-09-25 09:00:00.0000000,10931.8,11050.85,10847.4,11033.35,97003
2020-09-25 13:00:00.0000000,11033.6,11181.8,11022.35,11148.7,65612
2020-09-27 17:00:00.0000000,11175.5,11195.75,11156.25,11163,13451
2020-09-27 21:00:00.0000000,11164,11206,11160.75,11196.5,16035
2020-09-28 01:00:00.0000000,11196.75,11291.5,11196.5,11267.4,24305
2020-09-28 05:00:00.0000000,11267.65,11381,11266.25,11359.5,30232
2020-09-28 09:00:00.0000000,11360,11367.9,11240,11299.5,89671
2020-09-28 13:00:00.0000000,11299.75,11419,11278.75,11409.5,58344
2020-09-28 17:00:00.0000000,11406.25,11453.4,11404.65,11448.65,11064
2020-09-28 21:00:00.0000000,11449.4,11459.9,11412.9,11459.15,20013
2020-09-29 01:00:00.0000000,11459.65,11463.9,11349.4,11381.15,33166
2020-09-29 05:00:00.0000000,11380.9,11407.65,11356.15,11384,28993
2020-09-29 09:00:00.0000000,11384.65,11401.8,11306.15,11361.9,84996
2020-09-29 13:00:00.0000000,11362.15,11381.4,11309.05,11336.15,56537
2020-09-29 17:00:00.0000000,11333.5,11372.75,11333.5,11350.15,10715
2020-09-29 21:00:00.0000000,11349.15,11442.65,11246.5,11280.5,39327
2020-09-30 01:00:00.0000000,11279.75,11298.75,11181.75,11250.25,45868
2020-09-30 05:00:00.0000000,11250,11340,11200.1,11326.75,36750
2020-09-30 09:00:00.0000000,11327.25,11519.75,11321.75,11474.5,82822
2020-09-30 13:00:00.0000000,11475.25,11539.35,11350.25,11371.75,78431
2020-09-30 17:00:00.0000000,11399.1,11464.85,11394.6,11425.35,16013
2020-09-30 21:00:00.0000000,11425.35,11490.1,11422.85,11469.6,16704
2020-10-01 01:00:00.0000000,11470.1,11532.6,11455.6,11495.1,29477
2020-10-01 05:00:00.0000000,11494.85,11607.45,11491.6,11571.1,34537
2020-10-01 09:00:00.0000000,11571.6,11586.35,11488.25,11557.6,88672
2020-10-01 13:00:00.0000000,11558.1,11612.5,11512.45,11585.6,68162
2020-10-01 17:00:00.0000000,11583.3,11618.55,11552.3,11558.05,18286
2020-10-01 21:00:00.0000000,11558.3,11582.3,11466.8,11477.55,20036
2020-10-02 01:00:00.0000000,11477.55,11480.15,11316.55,11398.55,59114
2020-10-02 05:00:00.0000000,11398.95,11411.05,11295.4,11331.3,49198
2020-10-02 09:00:00.0000000,11331.05,11482.45,11219.3,11329.8,105034
2020-10-02 13:00:00.0000000,11330.3,11350.3,11236.3,11266.3,71678
2020-10-04 17:00:00.0000000,11309.15,11376.65,11295.4,11375.65,18963
2020-10-04 21:00:00.0000000,11375.15,11379.75,11327.65,11351.65,20635
2020-10-05 01:00:00.0000000,11351.9,11363.15,11282.65,11336.05,31835
2020-10-05 05:00:00.0000000,11336.3,11375.9,11316.65,11331.4,26711
2020-10-05 09:00:00.0000000,11331.15,11463.8,11329.4,11459.9,65027
2020-10-05 13:00:00.0000000,11460.15,11511.9,11402.75,11484.65,47624
2020-10-05 17:00:00.0000000,11489.7,11504.7,11431.95,11455.7,16343
2020-10-05 21:00:00.0000000,11455.95,11480.7,11442.7,11466.45,18373
2020-10-06 01:00:00.0000000,11465.2,11500.35,11426.7,11442.7,23055
2020-10-06 05:00:00.0000000,11442.2,11474.8,11418.2,11460.7,25808
2020-10-06 09:00:00.0000000,11461.7,11512.45,11370.45,11457.7,80245
2020-10-06 13:00:00.0000000,11458.2,11537.95,11211.2,11221.8,76109
2020-10-06 17:00:00.0000000,11235.55,11283.65,11224.15,11274.4,16838
2020-10-06 21:00:00.0000000,11274.15,11313.9,11257.15,11302.15,20507
2020-10-07 01:00:00.0000000,11301.9,11371.55,11294.15,11344.8,25691
2020-10-07 05:00:00.0000000,11344.3,11402.7,11321.05,11387.2,25826
2020-10-07 09:00:00.0000000,11386.95,11473.7,11377.3,11470.2,76380
2020-10-07 13:00:00.0000000,11470.45,11519.8,11470.05,11486.55,45622
2020-10-07 17:00:00.0000000,11486.65,11517.9,11486.15,11502.4,10844
2020-10-07 21:00:00.0000000,11502.15,11534.65,11487.65,11522.15,19212
2020-10-08 01:00:00.0000000,11521.65,11586.15,11514.15,11558.15,23498
2020-10-08 05:00:00.0000000,11558.4,11591.8,11539,11577.4,24873
2020-10-08 09:00:00.0000000,11577.15,11589.9,11501.8,11563.15,73034
2020-10-08 13:00:00.0000000,11563.4,11582.4,11515.15,11574.4,44426
2020-10-08 17:00:00.0000000,11577.9,11602.55,11574.9,11585.65,11426
2020-10-08 21:00:00.0000000,11585.9,11615.9,11580.9,11607.4,13534
2020-10-09 01:00:00.0000000,11607.3,11607.8,11566.4,11591.4,23770
2020-10-09 05:00:00.0000000,11591.15,11630.15,11567.4,11625.9,20941
2020-10-09 09:00:00.0000000,11625.4,11711.65,11602.15,11700.9,61761
2020-10-09 13:00:00.0000000,11700.4,11751.65,11680.15,11738.95,40339
2020-10-11 17:00:00.0000000,11710.75,11769.9,11707.35,11747.5,16312
2020-10-11 21:00:00.0000000,11747,11790.25,11737.5,11786.75,17485
2020-10-12 01:00:00.0000000,11787,11893,11784.25,11857.5,25873
2020-10-12 05:00:00.0000000,11857.75,11969.65,11842.75,11944.75,31350
2020-10-12 09:00:00.0000000,11945,12146,11881.1,12112.5,76437
2020-10-12 13:00:00.0000000,12113.25,12210.5,12075.5,12103.25,69096
2020-10-12 17:00:00.0000000,12121.05,12135.8,12060.2,12078.55,15367
2020-10-12 21:00:00.0000000,12078.05,12093.55,12048.3,12070.8,16947
2020-10-13 01:00:00.0000000,12071.05,12172.45,12036.8,12168.2,38538
2020-10-13 05:00:00.0000000,12168.45,12262.8,12153.8,12165.8,45999
2020-10-13 09:00:00.0000000,12165.55,12195.65,12046.3,12128.45,97344
2020-10-13 13:00:00.0000000,12128.7,12160.4,12033.7,12095.3,80157
2020-10-13 17:00:00.0000000,12097.1,12152.1,12097.1,12149.85,10635
2020-10-13 21:00:00.0000000,12149.6,12185.85,12126.35,12156.35,19975
2020-10-14 01:00:00.0000000,12156.6,12190.85,12133.35,12155.1,25543
2020-10-14 05:00:00.0000000,12155.35,12166.1,12078.85,12137.1,34112
2020-10-14 09:00:00.0000000,12136.85,12166.25,11915.85,11954.1,91804
2020-10-14 13:00:00.0000000,11951.6,12046.1,11920.6,11957.1,68258
2020-10-14 17:00:00.0000000,11969.05,11995.8,11944.4,11960.3,14877
2020-10-14 21:00:00.0000000,11960.05,11977.2,11876.05,11909.55,21029
2020-10-15 01:00:00.0000000,11909.8,11933.3,11765.8,11789.8,33501
2020-10-15 05:00:00.0000000,11789.55,11841.55,11750.8,11810.3,41558
2020-10-15 09:00:00.0000000,11809.8,11893.3,11760.55,11820.95,95405
2020-10-15 13:00:00.0000000,11820.45,11931.15,11795.85,11896.25,79371
2020-10-15 17:00:00.0000000,11908.65,11946.15,11901.55,11926.65,16761
2020-10-15 21:00:00.0000000,11926.95,11952.85,11839.35,11855.85,30518
2020-10-16 01:00:00.0000000,11855.95,11942.35,11855.95,11923.05,34082
2020-10-16 05:00:00.0000000,11922.55,11983.85,11884.95,11982.05,36148
2020-10-16 09:00:00.0000000,11982.05,12035.15,11889.05,11933.25,103006
2020-10-16 13:00:00.0000000,11933.05,11975.65,11805.95,11809.35,77414
2020-10-18 17:00:00.0000000,11848.85,11902.35,11844.15,11895.35,18054
2020-10-18 21:00:00.0000000,11895.65,11934.15,11877.75,11904.75,28756
2020-10-19 01:00:00.0000000,11904.75,11952.85,11890.65,11944.25,25989
2020-10-19 05:00:00.0000000,11943.75,11962.25,11907.55,11912.85,27919
2020-10-19 09:00:00.0000000,11912.65,11964.15,11759.35,11802.95,118368
2020-10-19 13:00:00.0000000,11802.75,11817.25,11607.65,11706.15,94113
2020-10-19 17:00:00.0000000,11712.45,11759.35,11707.25,11736.75,18777
2020-10-19 21:00:00.0000000,11737.15,11744.85,11681.35,11714.65,35977
2020-10-20 01:00:00.0000000,11714.65,11756.15,11695.65,11733.35,36410
2020-10-20 05:00:00.0000000,11733.65,11765.65,11660.85,11688.85,32843
2020-10-20 09:00:00.0000000,11688.85,11752.75,11612.25,11725.85,116125
2020-10-20 13:00:00.0000000,11725.95,11804.75,11635.45,11663.65,100684
2020-10-20 17:00:00.0000000,11696.75,11745.25,11677.35,11733.25,19514
2020-10-20 21:00:00.0000000,11733.35,11756.75,11719.65,11746.25,26263
2020-10-21 01:00:00.0000000,11746.35,11754.15,11618.25,11619.75,39517
2020-10-21 05:00:00.0000000,11619.85,11704.65,11598.85,11686.85,39929
2020-10-21 09:00:00.0000000,11686.85,11792.05,11643.75,11655.65,117062
2020-10-21 13:00:00.0000000,11655.55,11764.85,11647.65,11700.15,83977
2020-10-21 17:00:00.0000000,11691.25,11714.55,11604.75,11646.45,19346
2020-10-21 21:00:00.0000000,11646.95,11648.75,11613.45,11622.65,19193
2020-10-22 01:00:00.0000000,11622.75,11685.75,11616.25,11665.25,31489
2020-10-22 05:00:00.0000000,11665.25,11709.55,11650.25,11680.55,30287
2020-10-22 09:00:00.0000000,11681.45,11737.35,11524.55,11617.85,110207
2020-10-22 13:00:00.0000000,11617.55,11696.85,11610.35,11669.05,72416
2020-10-22 17:00:00.0000000,11679.25,11693.75,11653.95,11666.05,15577
2020-10-22 21:00:00.0000000,11667.05,11690.25,11635.55,11679.55,23146
2020-10-23 01:00:00.0000000,11679.55,11693.75,11614.45,11661.25,32184
2020-10-23 05:00:00.0000000,11661.65,11703.45,11645.65,11695.45,26684
2020-10-23 09:00:00.0000000,11695.45,11696.65,11563.65,11606.05,106524
2020-10-23 13:00:00.0000000,11605.85,11692.55,11603.15,11681.45,63502
2020-10-25 17:00:00.0000000,11644.35,11650.85,11584.45,11637.85,20989
2020-10-25 21:00:00.0000000,11638.35,11648.05,11617.05,11625.05,24651
2020-10-26 01:00:00.0000000,11625.45,11635.05,11555.25,11572.75,30996
2020-10-26 05:00:00.0000000,11572.45,11604.25,11564.45,11573.25,23078
2020-10-26 09:00:00.0000000,11572.75,11707.95,11420.35,11428.65,109453
2020-10-26 13:00:00.0000000,11427.85,11524.95,11355.75,11509.55,89160
2020-10-26 17:00:00.0000000,11509.85,11543.15,11490.65,11536.85,14583
2020-10-26 21:00:00.0000000,11536.85,11538.35,11498.65,11526.15,21657
2020-10-27 01:00:00.0000000,11526.15,11559.25,11514.25,11539.9,36019
2020-10-27 05:00:00.0000000,11540.05,11577.75,11519.65,11548,37100
2020-10-27 09:00:00.0000000,11548.15,11620.75,11498.95,11586.25,108724
2020-10-27 13:00:00.0000000,11586.45,11634.85,11552.85,11567.85,81457
2020-10-27 17:00:00.0000000,11566.35,11569.95,11519.85,11540.55,19000
2020-10-27 21:00:00.0000000,11541.45,11560.35,11536.75,11552.85,21217
2020-10-28 01:00:00.0000000,11552.85,11579.05,11451.55,11495.95,45124
2020-10-28 05:00:00.0000000,11495.45,11501.85,11395.15,11409.15,49694
2020-10-28 09:00:00.0000000,11409.25,11435.55,11203.55,11215.65,126677
2020-10-28 13:00:00.0000000,11215.05,11284.65,11136.35,11186.75,96467
2020-10-28 17:00:00.0000000,11178.25,11229.45,11178.15,11223.25,23447
2020-10-28 21:00:00.0000000,11222.95,11264.45,11221.65,11259.25,31709
2020-10-29 01:00:00.0000000,11259.95,11307.15,11223.65,11260.45,47697
2020-10-29 05:00:00.0000000,11260.45,11297.65,11156.45,11211.75,49503
2020-10-29 09:00:00.0000000,11211.75,11346.25,11182.05,11329.85,115543
2020-10-29 13:00:00.0000000,11330.05,11469.05,11232.45,11255.95,97531
2020-10-29 17:00:00.0000000,11233.65,11249.35,11169.15,11175.25,27268
2020-10-29 21:00:00.0000000,11175.65,11226.65,11173.25,11202.25,31256
2020-10-30 01:00:00.0000000,11202.25,11208.25,11051.75,11126.35,55457
2020-10-30 05:00:00.0000000,11126.65,11269.75,11117.85,11254.15,50874
2020-10-30 09:00:00.0000000,11254.15,11292.55,10993.45,11035.15,128299
2020-10-30 13:00:00.0000000,11035.15,11109.25,10958.35,11101.1,102724
2020-11-01 17:00:00.0000000,11039.55,11087.05,10995.65,11071.55,34034
2020-11-01 21:00:00.0000000,11071.55,11099.65,11051.45,11093.45,25196
2020-11-02 01:00:00.0000000,11093.45,11195.15,11057.15,11170.15,47851
2020-11-02 05:00:00.0000000,11170.45,11224.25,11134.45,11148.65,45702
2020-11-02 09:00:00.0000000,11148.75,11225.55,11019.75,11038.85,114953
2020-11-02 13:00:00.0000000,11038.95,11102.95,10955.95,11087.15,90800
2020-11-02 17:00:00.0000000,11084.65,11131.65,11080.75,11126.15,22482
2020-11-02 21:00:00.0000000,11125.95,11138.55,11079.85,11096.05,26328
2020-11-03 01:00:00.0000000,11096.15,11188.05,11084.8,11176.85,36252
2020-11-03 05:00:00.0000000,11177.85,11194.05,11120.45,11145.55,33277
2020-11-03 09:00:00.0000000,11145.65,11360.15,11115.45,11309.25,105513
2020-11-03 13:00:00.0000000,11310.45,11348.25,11227.75,11259.95,92030
2020-11-03 17:00:00.0000000,11270.35,11434.75,11243.65,11403.75,54983
2020-11-03 21:00:00.0000000,11405.55,11779.35,11327.05,11536.75,75099
2020-11-04 01:00:00.0000000,11534.15,11644.75,11316.25,11582.95,69354
2020-11-04 05:00:00.0000000,11583.45,11744.75,11463.25,11676.45,63695
2020-11-04 09:00:00.0000000,11676.45,11853.35,11570.85,11816.15,125853
2020-11-04 13:00:00.0000000,11816.35,11856.75,11741.25,11827.65,99195
2020-11-04 17:00:00.0000000,11821.15,11866.65,11785.75,11837.65,25771
2020-11-04 21:00:00.0000000,11838.05,11998.75,11783.15,11979.05,34699
2020-11-05 01:00:00.0000000,11978.75,12085.85,11916.55,12081.35,43744
2020-11-05 05:00:00.0000000,12081.15,12130.35,12057.35,12068.65,47805
2020-11-05 09:00:00.0000000,12068.35,12119.85,11985.85,12045.15,117373
2020-11-05 13:00:00.0000000,12044.95,12123.3,12033.15,12102.65,81044
2020-11-05 17:00:00.0000000,12082.25,12099.25,11989.2,12043.95,31981
2020-11-05 21:00:00.0000000,12045.15,12047.45,11921.92,11976.45,35547
2020-11-06 01:00:00.0000000,11976.45,12037.8,11911.45,11915.4,48371
2020-11-06 05:00:00.0000000,11915.65,12034.17,11879.15,12031.62,66157
2020-11-06 09:00:00.0000000,12031.45,12086.97,11893.5,12074.1,123614
2020-11-06 13:00:00.0000000,12074.25,12117.57,12040.25,12104.8,78646
2020-11-08 17:00:00.0000000,12157.65,12365.55,12132.45,12332.15,33168
2020-11-08 21:00:00.0000000,12332.15,12417.65,12322.15,12391.95,32033
2020-11-09 01:00:00.0000000,12391.95,12392.65,12270.05,12292.05,44816
2020-11-09 05:00:00.0000000,12292.3,12392.7,11943.75,12173.3,72740
2020-11-09 09:00:00.0000000,12173.55,12270.05,12054.3,12128.55,127546
2020-11-09 13:00:00.0000000,12130.3,12154.8,11823.45,11856.05,87221
2020-11-09 17:00:00.0000000,11877.55,11911.12,11800.45,11880.55,33029
2020-11-09 21:00:00.0000000,11880.55,11902.92,11693.95,11733.05,36232
2020-11-10 01:00:00.0000000,11732.3,11881.25,11723.65,11734.75,58887
2020-11-10 05:00:00.0000000,11734.55,11754.75,11563.75,11677.92,70084
2020-11-10 09:00:00.0000000,11677.65,11759.32,11513.85,11706.1,142313
2020-11-10 13:00:00.0000000,11709.55,11743.25,11584.95,11633.85,103276
2020-11-10 17:00:00.0000000,11648.55,11663.8,11590.3,11659.55,27796
2020-11-10 21:00:00.0000000,11659.3,11708.3,11648.05,11670.85,28906
2020-11-11 01:00:00.0000000,11670.05,11769.05,11586.3,11743.05,45805
2020-11-11 05:00:00.0000000,11742.05,11796.02,11721.8,11743.55,43583
2020-11-11 09:00:00.0000000,11743.05,11897.3,11713.7,11866.97,115617
2020-11-11 13:00:00.0000000,11867.52,11927.42,11838.35,11907.25,81853
2020-11-11 17:00:00.0000000,11893.25,11920.7,11844.7,11854.92,24053
2020-11-11 21:00:00.0000000,11854.95,11884.35,11791.75,11876.55,34531
2020-11-12 01:00:00.0000000,11876.45,11954.75,11824.35,11954.75,44647
2020-11-12 05:00:00.0000000,11954.97,11975.3,11885.2,11926.17,49845
2020-11-12 09:00:00.0000000,11926.3,11984.67,11819.4,11847.07,119893
2020-11-12 13:00:00.0000000,11847.22,11885.17,11786.8,11873.05,107762
2020-11-12 17:00:00.0000000,11858.95,11876.27,11819.55,11823.27,25480
2020-11-12 21:00:00.0000000,11823.12,11878.85,11813.95,11859.9,32150
2020-11-13 01:00:00.0000000,11861.62,11945.15,11856.4,11936.65,40489
2020-11-13 05:00:00.0000000,11936.15,11941.4,11894.55,11909.55,38115
2020-11-13 09:00:00.0000000,11909.05,11932.5,11811.12,11908,107172
2020-11-13 13:00:00.0000000,11908.32,11961.55,11856.87,11954.62,80986
2020-11-15 17:00:00.0000000,12002.2,12072.65,12000.15,12031.72,27782
2020-11-15 21:00:00.0000000,12031.75,12069.22,12030.65,12053.15,28313
2020-11-16 01:00:00.0000000,12053.22,12056.22,11987.45,12012.45,34942
2020-11-16 05:00:00.0000000,12012.45,12026.2,11861.45,11909.05,50790
2020-11-16 09:00:00.0000000,11909.15,12042,11897.1,11973.35,99637
2020-11-16 13:00:00.0000000,11973.15,12050.7,11938.95,12048.45,67053
2020-11-16 17:00:00.0000000,12085.7,12090.2,12022.7,12031.2,16104
2020-11-16 21:00:00.0000000,12031.7,12038.95,11999.95,12004.45,18093
2020-11-17 01:00:00.0000000,12004.95,12066.7,12003.45,12049.95,25599
2020-11-17 05:00:00.0000000,12050.2,12059.97,12011.85,12041.2,34400
2020-11-17 09:00:00.0000000,12041.07,12049.65,11970.1,12025.8,102991
2020-11-17 13:00:00.0000000,12025.52,12051.2,11963.55,11977.7,74536
2020-11-17 17:00:00.0000000,11978.07,11991.92,11946.5,11949.45,26655
2020-11-17 21:00:00.0000000,11949.32,11989.47,11939.6,11955.8,29994
2020-11-18 01:00:00.0000000,11954.47,12016.4,11923.6,12000.2,34161
2020-11-18 05:00:00.0000000,11999.95,12029.6,11983.75,11989.55,34659
2020-11-18 09:00:00.0000000,11989.5,12034.15,11917.5,12014.02,96679
2020-11-18 13:00:00.0000000,12013.87,12026.02,11871,11881.25,85224
2020-11-18 17:00:00.0000000,11884.95,11904.15,11863.5,11883.27,27817
2020-11-18 21:00:00.0000000,11883.22,11893.65,11839.57,11887.52,29529
2020-11-19 01:00:00.0000000,11888.02,11908.42,11811.42,11842.65,38660
2020-11-19 05:00:00.0000000,11842.8,11894.32,11824.05,11884.9,30217
2020-11-19 09:00:00.0000000,11884.65,11972.22,11849.5,11929.4,91174
2020-11-19 13:00:00.0000000,11929.15,12007.47,11924.4,11971.05,70520
2020-11-19 17:00:00.0000000,11961.55,11984.65,11931.25,11977.35,20668
2020-11-19 21:00:00.0000000,11977.75,12021.52,11967.35,11996.52,23174
2020-11-20 01:00:00.0000000,11996.3,12007.05,11970.32,11997.6,29151
2020-11-20 05:00:00.0000000,11997.72,12028.4,11987.95,11994.72,29872
2020-11-20 09:00:00.0000000,11994.45,12022.95,11954.25,11998,90941
2020-11-20 13:00:00.0000000,11998.02,12006.75,11936.9,11955.15,52014